transaction_id,merchant_raw,amount,currency,timestamp,channel,location,mcc_code,l1,l1_id,l2,l2_id,l3,l3_id
TXN_20241122_000453,AMC,30.35,INR,2024-11-22T16:34:33.964441,mobile,"Kolkata, WB",7832,Entertainment,ENT,Entertainment - Movies,ENT-MOV,Entertainment - Movies - Theater,ENT-MOV-THR
TXN_20241122_000703,MASSAGE MA #8069,99.45,USD,2024-11-23T01:56:53.964441,pos,"Ahmedabad, GJ",7298,Personal Care,PER,Personal Care - Wellness,PER-WEL,Personal Care - Wellness - Spa,PER-WEL-SPA
TXN_20241122_000737,PAYPAL * CONTRACTOR,2826.7,EUR,2024-11-23T08:08:16.964441,online,Online,1520,Housing,HSG,Housing - Home Improvement,HSG-IMP,Housing - Home Improvement - Repair,HSG-IMP-REP
TXN_20241122_000707,CAFE PUNE,74.48,INR,2024-11-23T09:07:20.964441,pos,"Mumbai, MH",5812,Dining,DIN,Dining - Restaurants,DIN-RES,Dining - Restaurants - Casual,DIN-RES-CAS
TXN_20241122_000906,TST* SHELL,56.83,USD,2024-11-23T12:40:48.964441,pos,"Phoenix, AZ",5541,Transportation,TRN,Transportation - Fuel,TRN-FUL,Transportation - Fuel - Petrol,TRN-FUL-PET
TXN_20241122_000635,SQ * SMARTPHONE,528.84,USD,2024-11-24T02:35:05.964441,pos,"Pune, MH",5732,Technology,TEC,Technology - Electronics,TEC-ELE,Technology - Electronics - Mobile,TEC-ELE-MOB
TXN_20241122_000032,BANK FEE LTD,1147.9,GBP,2024-11-24T03:33:07.964441,online,,6010,Financial Services,FIN,Financial Services - Banking,FIN-BNK,Financial Services - Banking - Fees,FIN-BNK-FEE
TXN_20241122_000028,PARKING LOT ONLINE 4073,59.58,USD,2024-11-24T10:26:28.964441,mobile,"New York, NY",7523,Transportation,TRN,Transportation - Parking,TRN-PRK,Transportation - Parking - Fee,TRN-PRK-FEE
TXN_20241122_000901,INSTACART IL #5668,182.73,USD,2024-11-24T16:58:50.964441,atm,"Houston, TX",5411,Shopping,SHP,Shopping - Groceries,SHP-GRO,Shopping - Groceries - Online,SHP-GRO-ONL
TXN_20241122_000382,SWIGGY FOOD TX #8126,150.0,USD,2024-11-25T11:19:26.964441,pos,"Hyderabad, TG",5814,Dining,DIN,Dining - Food Delivery,DIN-DEL,Dining - Food Delivery - Swiggy,DIN-DEL-SWG
TXN_20241122_000595,CONTRIBUTION #943 1077,397.43,GBP,2024-11-25T11:47:08.964441,mobile,"San Diego, CA",8398,Charitable,CHR,Charitable - Nonprofits,CHR-NPR,Charitable - Nonprofits - Contribution,CHR-NPR-CON
TXN_20241122_000057,EATERY  88737,26.68,EUR,2024-11-25T20:50:00.964441,pos,"San Diego, CA",5812,Dining,DIN,Dining - Restaurants,DIN-RES,Dining - Restaurants - Casual,DIN-RES-CAS
TXN_20241122_000631,DOCTOR 787178,86.6,EUR,2024-11-26T10:17:48.964441,pos,"Bangalore, KA",8011,Healthcare,HLT,Healthcare - Hospital,HLT-HOS,Healthcare - Hospital - Consultation,HLT-HOS-CON
TXN_20241122_000725,WATER LLC 883853,87.23,INR,2024-11-26T19:32:49.964441,online,Online,4900,Utilities,UTL,Utilities - Water,UTL-WAT,Utilities - Water - Bill,UTL-WAT-BIL
TXN_20241122_000380,COFFEE * 7MWTVLPJ 9362,20.04,USD,2024-11-27T09:51:30.964441,online,,5814,Dining,DIN,Dining - Coffee Shops,DIN-COF,Dining - Coffee Shops - Local,DIN-COF-LOC
TXN_20241122_000300,VISA FEE DELHI #5878,2000.0,USD,2024-11-27T10:28:04.964441,mobile,"Kolkata, WB",9399,Travel,TRV,Travel - International,TRV-INT,Travel - International - Visa,TRV-INT-VIS
TXN_20241122_000914,HOTEL,981.56,EUR,2024-11-28T09:38:08.964441,atm,"Kolkata, WB",7011,Travel,TRV,Travel - Accommodation,TRV-ACC,Travel - Accommodation - Hotel,TRV-ACC-HTL
TXN_20241122_000865,BOOKING PUNE 909,1119.64,USD,2024-11-28T12:48:35.964441,pos,"Phoenix, AZ",7011,Travel,TRV,Travel - Accommodation,TRV-ACC,Travel - Accommodation - Hotel,TRV-ACC-HTL
TXN_20241122_000592,CAFE COFFEE DAY TX,11.81,USD,2024-11-29T18:43:36.964441,mobile,"Bangalore, KA",5814,Dining,DIN,Dining - Coffee Shops,DIN-COF,Dining - Coffee Shops - Local,DIN-COF-LOC
TXN_20241122_000968,FITNESS * GZTULOI1,117.92,USD,2024-11-30T17:31:53.964441,online,,7997,Personal Care,PER,Personal Care - Gym,PER-GYM,Personal Care - Gym - Membership,PER-GYM-MEM
TXN_20241122_000721,AIRTEL #2949,189.78,USD,2024-11-30T19:24:26.964441,online,Web Purchase,4899,Utilities,UTL,Utilities - Internet,UTL-INT,Utilities - Internet - Broadband,UTL-INT-BRD
TXN_20241122_000417,KFC #3940,57.39,USD,2024-12-01T13:04:14.964441,pos,"Bangalore, KA",5814,Dining,DIN,Dining - Fast Food,DIN-FST,Dining - Fast Food - Burgers,DIN-FST-BRG
TXN_20241122_000783,FLIPKART ONLINE ONLINE,99.54,INR,2024-12-02T04:28:25.964441,online,,5942,Shopping,SHP,Shopping - Online,SHP-ONL,Shopping - Online - Flipkart,SHP-ONL-FLP
TXN_20241122_000477,BARBER,47.66,USD,2024-12-02T11:19:24.964441,atm,"Chicago, IL",7230,Personal Care,PER,Personal Care - Salon,PER-SAL,Personal Care - Salon - Haircut,PER-SAL-HAR
TXN_20241122_000638,FUEL INC 132922,42.89,USD,2024-12-02T20:29:15.964441,pos,"Philadelphia, PA",5541,Transportation,TRN,Transportation - Fuel,TRN-FUL,Transportation - Fuel - Diesel,TRN-FUL-DIE
TXN_20241122_000105,PIZZA HUT #9543 944646,13.9,USD,2024-12-03T09:09:44.964441,pos,"Mumbai, MH",5814,Dining,DIN,Dining - Fast Food,DIN-FST,Dining - Fast Food - Pizza,DIN-FST-PIZ
TXN_20241122_000522,STARBUCKS,81.89,EUR,2024-12-04T09:38:17.964441,pos,"San Diego, CA",5814,Dining,DIN,Dining - Coffee Shops,DIN-COF,Dining - Coffee Shops - Starbucks,DIN-COF-STB
TXN_20241122_000192,SPOTIFY 847,200.0,INR,2024-12-04T10:18:06.964441,online,,4899,Entertainment,ENT,Entertainment - Streaming,ENT-STR,Entertainment - Streaming - Other,ENT-STR-OTH
TXN_20241122_000429,MEDICAL INSURANCE #4605,285.4,GBP,2024-12-04T19:25:39.964441,pos,"Philadelphia, PA",6300,Healthcare,HLT,Healthcare - Insurance,HLT-INS,Healthcare - Insurance - Premium,HLT-INS-PRM
TXN_20241122_000849,AZURE,617.11,USD,2024-12-05T01:39:59.964441,online,,5734,Technology,TEC,Technology - Subscriptions,TEC-SUB,Technology - Subscriptions - Cloud,TEC-SUB-CLD
TXN_20241122_000918,TST* PARKING LOT,23.64,INR,2024-12-05T07:35:13.964441,pos,"Philadelphia, PA",7523,Transportation,TRN,Transportation - Parking,TRN-PRK,Transportation - Parking - Fee,TRN-PRK-FEE
TXN_20241122_000749,PAYPAL * UNIQLO 536,101.56,INR,2024-12-05T14:53:10.964441,pos,"Houston, TX",5651,Shopping,SHP,Shopping - Retail,SHP-RET,Shopping - Retail - Clothing,SHP-RET-CLO
TXN_20241122_000653,TST* UNIVERSITY,5000.0,INR,2024-12-05T16:01:01.964441,atm,"Philadelphia, PA",8220,Education,EDU,Education - Tuition,EDU-TUI,Education - Tuition - College,EDU-TUI-COL
TXN_20241122_000474,UBER LLC,608.91,USD,2024-12-05T16:20:38.964441,pos,"New York, NY",4121,Travel,TRV,Travel - Local,TRV-LOC,Travel - Local - Uber,TRV-LOC-UBR
TXN_20241122_000033,CONSULTING BANGALORE #9242,346.9,USD,2024-12-05T16:38:24.964441,pos,"Houston, TX",8999,Business Expenses,BUS,Business Expenses - Services,BUS-SRV,Business Expenses - Services - Professional,BUS-SRV-PRO
TXN_20241122_000353,PAPA JOHNS HYDERABAD,47.16,INR,2024-12-05T17:38:23.964441,pos,"Hyderabad, TG",5814,Dining,DIN,Dining - Fast Food,DIN-FST,Dining - Fast Food - Pizza,DIN-FST-PIZ
TXN_20241122_000547,KFC * ALUIR7BT 67917,65.47,GBP,2024-12-05T19:12:43.964441,mobile,"Houston, TX",5814,Dining,DIN,Dining - Fast Food,DIN-FST,Dining - Fast Food - Burgers,DIN-FST-BRG
TXN_20241122_000752,BLINKIT WA #8179 829390,491.52,EUR,2024-12-06T09:06:22.964441,pos,"Houston, TX",5411,Shopping,SHP,Shopping - Groceries,SHP-GRO,Shopping - Groceries - Online,SHP-GRO-ONL
TXN_20241122_000269,AMAZON PRIME VA,88.67,USD,2024-12-06T18:14:14.964441,online,,4899,Entertainment,ENT,Entertainment - Streaming,ENT-STR,Entertainment - Streaming - Prime,ENT-STR-PRM
TXN_20241122_000170,LIVE MUSIC NC,200.0,USD,2024-12-07T00:13:43.964441,online,,7922,Entertainment,ENT,Entertainment - Events,ENT-EVT,Entertainment - Events - Concerts,ENT-EVT-CON
TXN_20241122_000393,ZARA MUMBAI #2806,116.72,GBP,2024-12-07T00:14:56.964441,pos,"Houston, TX",5651,Shopping,SHP,Shopping - Retail,SHP-RET,Shopping - Retail - Clothing,SHP-RET-CLO
TXN_20241122_000784,TUITION * 1W0IWQ0D,2232.45,INR,2024-12-07T09:38:59.964441,pos,"Ahmedabad, GJ",8211,Education,EDU,Education - Tuition,EDU-TUI,Education - Tuition - School,EDU-TUI-SCH
TXN_20241122_000176,DOMINOS,150.0,USD,2024-12-07T10:59:37.964441,online,,5814,Dining,DIN,Dining - Fast Food,DIN-FST,Dining - Fast Food - Pizza,DIN-FST-PIZ
TXN_20241122_000836,UBER TRIP 2844,125.75,USD,2024-12-08T13:56:03.964441,online,Web Purchase,4121,Travel,TRV,Travel - Local,TRV-LOC,Travel - Local - Uber,TRV-LOC-UBR
TXN_20241122_000636,AUTO,2000.0,USD,2024-12-09T13:26:19.964441,mobile,"New York, NY",4121,Travel,TRV,Travel - Local,TRV-LOC,Travel - Local - Auto/Rickshaw,TRV-LOC-AUT
TXN_20241122_000519,POSTPAID STORE 32607,169.46,EUR,2024-12-09T15:27:12.964441,online,,4814,Utilities,UTL,Utilities - Internet,UTL-INT,Utilities - Internet - Mobile,UTL-INT-MOB
TXN_20241122_000027,H&M NC 950092,500.0,INR,2024-12-09T19:26:11.964441,pos,"Pune, MH",5651,Shopping,SHP,Shopping - Retail,SHP-RET,Shopping - Retail - Clothing,SHP-RET-CLO
TXN_20241122_000440,STRIPE * BURGER KING 958,84.77,USD,2024-12-10T10:59:57.964441,pos,"San Diego, CA",5814,Dining,DIN,Dining - Fast Food,DIN-FST,Dining - Fast Food - Burgers,DIN-FST-BRG
TXN_20241122_000087,SQ * MCDONALDS,15.71,EUR,2024-12-10T16:58:37.964441,pos,"Phoenix, AZ",5814,Dining,DIN,Dining - Fast Food,DIN-FST,Dining - Fast Food - Burgers,DIN-FST-BRG
TXN_20241122_000995,DIESEL HYDERABAD 70490,22.6,USD,2024-12-10T17:47:03.964441,pos,"New York, NY",5541,Transportation,TRN,Transportation - Fuel,TRN-FUL,Transportation - Fuel - Diesel,TRN-FUL-DIE
TXN_20241122_000820,AIRWAYS LTD,691.73,USD,2024-12-10T23:53:32.964441,online,,4511,Travel,TRV,Travel - International,TRV-INT,Travel - International - Flight,TRV-INT-FLT
TXN_20241122_000080,OTHER #5161,105.11,USD,2024-12-11T11:04:12.964441,mobile,"Pune, MH",,Miscellaneous,MSC,Miscellaneous - Uncategorized,MSC-UNC,Miscellaneous - Uncategorized - Other,MSC-UNC-OTH
TXN_20241122_000928,TST* BOOKSTORE,330.22,AUD,2024-12-12T19:39:44.964441,atm,"Bangalore, KA",5942,Education,EDU,Education - Books,EDU-BOK,Education - Books - Purchase,EDU-BOK-PUR
TXN_20241122_000292,STRIPE * AMAZON MARKETPLACE,309.85,INR,2024-12-13T20:20:47.964441,atm,"Bangalore, KA",5942,Shopping,SHP,Shopping - Online,SHP-ONL,Shopping - Online - Amazon,SHP-ONL-AMZ
TXN_20241122_000959,TST* BOOKS,5000.0,USD,2024-12-14T05:32:46.964441,atm,"Houston, TX",5942,Education,EDU,Education - Books,EDU-BOK,Education - Books - Purchase,EDU-BOK-PUR
TXN_20241122_000527,GYM DELHI,36.73,INR,2024-12-14T09:46:23.964441,mobile,"Houston, TX",7997,Personal Care,PER,Personal Care - Gym,PER-GYM,Personal Care - Gym - Membership,PER-GYM-MEM
TXN_20241122_000855,TST* AMZN 023,248.35,GBP,2024-12-14T15:10:26.964441,online,,5942,Shopping,SHP,Shopping - Online,SHP-ONL,Shopping - Online - Amazon,SHP-ONL-AMZ
TXN_20241122_000267,DIESEL ONLINE,9.31,INR,2024-12-14T19:02:05.964441,pos,"Chicago, IL",5541,Transportation,TRN,Transportation - Fuel,TRN-FUL,Transportation - Fuel - Diesel,TRN-FUL-DIE
TXN_20241122_000796,KFC NC 749,51.08,GBP,2024-12-15T00:43:52.964441,pos,"San Antonio, TX",5814,Dining,DIN,Dining - Fast Food,DIN-FST,Dining - Fast Food - Burgers,DIN-FST-BRG
TXN_20241122_000744,STRIPE * CONTRIBUTION,500.0,AUD,2024-12-15T02:29:56.964441,pos,"New York, NY",8398,Charitable,CHR,Charitable - Nonprofits,CHR-NPR,Charitable - Nonprofits - Contribution,CHR-NPR-CON
TXN_20241122_000626,PAYPAL * VEHICLE MAINTENANCE 171,100.0,USD,2024-12-15T12:05:19.964441,atm,"Houston, TX",7538,Transportation,TRN,Transportation - Maintenance,TRN-MNT,Transportation - Maintenance - Service,TRN-MNT-SRV
TXN_20241122_000574,PARKING LOT GA,62.9,EUR,2024-12-16T10:31:05.964441,online,Online,7523,Transportation,TRN,Transportation - Parking,TRN-PRK,Transportation - Parking - Fee,TRN-PRK-FEE
TXN_20241122_000168,AMAZON MARKETPLACE,99.47,USD,2024-12-16T20:07:01.964441,online,,5942,Shopping,SHP,Shopping - Online,SHP-ONL,Shopping - Online - Amazon,SHP-ONL-AMZ
TXN_20241122_000179,FITNESS DELHI #4488,35.41,USD,2024-12-17T10:03:04.964441,pos,"Phoenix, AZ",7997,Personal Care,PER,Personal Care - Gym,PER-GYM,Personal Care - Gym - Membership,PER-GYM-MEM
TXN_20241122_000137,BOOKMYSHOW LTD,54.81,USD,2024-12-17T14:33:38.964441,pos,"Hyderabad, TG",7922,Entertainment,ENT,Entertainment - Events,ENT-EVT,Entertainment - Events - Concerts,ENT-EVT-CON
TXN_20241122_000701,SBUX GA,41.32,USD,2024-12-18T09:54:30.964441,mobile,"Mumbai, MH",5814,Dining,DIN,Dining - Coffee Shops,DIN-COF,Dining - Coffee Shops - Starbucks,DIN-COF-STB
TXN_20241122_000072,DIESEL * ATN38IYF,18.44,GBP,2024-12-18T12:46:19.964441,mobile,"Phoenix, AZ",5541,Transportation,TRN,Transportation - Fuel,TRN-FUL,Transportation - Fuel - Diesel,TRN-FUL-DIE
TXN_20241122_000481,PAYPAL * VISA,386.85,EUR,2024-12-18T23:05:40.964441,atm,"San Diego, CA",9399,Travel,TRV,Travel - International,TRV-INT,Travel - International - Visa,TRV-INT-VIS
TXN_20241122_000646,ZOMATO,74.89,EUR,2024-12-19T05:41:32.964441,atm,"Ahmedabad, GJ",5814,Dining,DIN,Dining - Food Delivery,DIN-DEL,Dining - Food Delivery - Zomato,DIN-DEL-ZOM
TXN_20241122_000097,POWER BILL,196.95,USD,2024-12-19T09:31:38.964441,atm,"Chicago, IL",4900,Utilities,UTL,Utilities - Electric,UTL-ELC,Utilities - Electric - Bill,UTL-ELC-BIL
TXN_20241122_000339,APOLLO PHARMACY DELHI #9030,106.53,USD,2024-12-19T10:45:57.964441,online,Web Purchase,5912,Healthcare,HLT,Healthcare - Pharmacy,HLT-PHR,Healthcare - Pharmacy - Medicine,HLT-PHR-MED
TXN_20241122_000115,BOOKS * IXEJALKT,2363.83,GBP,2024-12-20T17:09:36.964441,online,,5942,Education,EDU,Education - Books,EDU-BOK,Education - Books - Purchase,EDU-BOK-PUR
TXN_20241122_000348,CAFE COFFEE DAY,92.73,USD,2024-12-21T04:07:37.964441,online,,5814,Dining,DIN,Dining - Coffee Shops,DIN-COF,Dining - Coffee Shops - Local,DIN-COF-LOC
TXN_20241122_000695,TEXTBOOKS LTD,1354.93,INR,2024-12-21T14:05:54.964441,online,,5942,Education,EDU,Education - Books,EDU-BOK,Education - Books - Purchase,EDU-BOK-PUR
TXN_20241122_000123,EATERY LTD,23.6,USD,2024-12-22T01:19:41.964441,pos,"Mumbai, MH",5812,Dining,DIN,Dining - Restaurants,DIN-RES,Dining - Restaurants - Casual,DIN-RES-CAS
TXN_20241122_000518,WATER * KQAQ96H2 338,159.43,INR,2024-12-22T01:49:28.964441,atm,"New York, NY",4900,Utilities,UTL,Utilities - Water,UTL-WAT,Utilities - Water - Bill,UTL-WAT-BIL
TXN_20241122_000719,SQ * CROMA,275.54,USD,2024-12-22T05:22:34.964441,pos,"San Diego, CA",5732,Shopping,SHP,Shopping - Retail,SHP-RET,Shopping - Retail - Electronics,SHP-RET-ELC
TXN_20241122_000915,BOOKS FL #293,2646.78,EUR,2024-12-22T19:55:55.964441,pos,"Mumbai, MH",5942,Education,EDU,Education - Books,EDU-BOK,Education - Books - Purchase,EDU-BOK-PUR
TXN_20241122_000042,SPOTIFY NY 83270,166.51,INR,2024-12-23T04:48:09.964441,online,,4899,Entertainment,ENT,Entertainment - Streaming,ENT-STR,Entertainment - Streaming - Other,ENT-STR-OTH
TXN_20241122_000408,STRIPE * AIR INDIA,165.28,USD,2024-12-23T09:31:02.964441,pos,"Phoenix, AZ",4511,Travel,TRV,Travel - International,TRV-INT,Travel - International - Flight,TRV-INT-FLT
TXN_20241122_000241,ATM FEE 24463,4157.23,USD,2024-12-23T10:31:22.964441,atm,"Houston, TX",6010,Financial Services,FIN,Financial Services - Banking,FIN-BNK,Financial Services - Banking - Fees,FIN-BNK-FEE
TXN_20241122_000166,H&M #7553 36822,238.5,INR,2024-12-23T10:52:32.964441,pos,"San Antonio, TX",5651,Shopping,SHP,Shopping - Retail,SHP-RET,Shopping - Retail - Clothing,SHP-RET-CLO
TXN_20241122_000073,STOCK * VVQM7LCH,1517.89,USD,2024-12-23T12:19:10.964441,pos,"Houston, TX",6211,Financial Services,FIN,Financial Services - Investment,FIN-INV,Financial Services - Investment - Trading,FIN-INV-TRD
TXN_20241122_000016,CONTRIBUTION LLC 1409,500.0,USD,2024-12-23T15:26:14.964441,atm,"Mumbai, MH",8398,Charitable,CHR,Charitable - Nonprofits,CHR-NPR,Charitable - Nonprofits - Contribution,CHR-NPR-CON
TXN_20241122_000009,MEDICAL INSURANCE * VLP8P287,270.15,EUR,2024-12-24T11:39:21.964441,pos,"Mumbai, MH",6300,Healthcare,HLT,Healthcare - Insurance,HLT-INS,Healthcare - Insurance - Premium,HLT-INS-PRM
TXN_20241122_000263,REPAIR #7643,100.0,USD,2024-12-24T12:00:06.964441,online,,7538,Transportation,TRN,Transportation - Maintenance,TRN-MNT,Transportation - Maintenance - Service,TRN-MNT-SRV
TXN_20241122_000838,BROADBAND * CZXK03JM,106.15,USD,2024-12-24T15:08:09.964441,atm,"Chicago, IL",4899,Utilities,UTL,Utilities - Internet,UTL-INT,Utilities - Internet - Broadband,UTL-INT-BRD
TXN_20241122_000601,HOME LOAN,1852.5,USD,2024-12-25T13:55:34.964441,mobile,"New York, NY",6513,Housing,HSG,Housing - Mortgage,HSG-MTG,Housing - Mortgage - EMI,HSG-MTG-EMI
TXN_20241122_000608,CAFE COFFEE DAY MUMBAI,38.41,INR,2024-12-25T19:59:43.964441,pos,"Chennai, TN",5814,Dining,DIN,Dining - Coffee Shops,DIN-COF,Dining - Coffee Shops - Local,DIN-COF-LOC
TXN_20241122_000791,TST* FLIPKART,135.11,USD,2024-12-26T18:38:09.964441,online,Online,5942,Shopping,SHP,Shopping - Online,SHP-ONL,Shopping - Online - Flipkart,SHP-ONL-FLP
TXN_20241122_000442,FUEL,86.71,USD,2024-12-27T10:55:58.964441,pos,"Houston, TX",5541,Transportation,TRN,Transportation - Fuel,TRN-FUL,Transportation - Fuel - Diesel,TRN-FUL-DIE
TXN_20241122_000910,RICKSHAW #8514,583.88,GBP,2024-12-27T17:56:20.964441,pos,"Delhi, DL",4121,Travel,TRV,Travel - Local,TRV-LOC,Travel - Local - Auto/Rickshaw,TRV-LOC-AUT
TXN_20241122_000760,KFC NY #4812,113.85,USD,2024-12-27T19:23:22.964441,pos,"Hyderabad, TG",5814,Dining,DIN,Dining - Fast Food,DIN-FST,Dining - Fast Food - Burgers,DIN-FST-BRG
TXN_20241122_000213,WIFI #8261 375555,89.64,EUR,2024-12-27T21:59:24.964441,pos,"Philadelphia, PA",4899,Utilities,UTL,Utilities - Internet,UTL-INT,Utilities - Internet - Broadband,UTL-INT-BRD
TXN_20241122_000932,TST* WIFI,94.51,USD,2024-12-28T01:01:28.964441,mobile,"Mumbai, MH",4899,Utilities,UTL,Utilities - Internet,UTL-INT,Utilities - Internet - Broadband,UTL-INT-BRD
TXN_20241122_000261,RESTAURANT,25.0,USD,2024-12-28T01:46:23.964441,pos,"Bangalore, KA",5812,Dining,DIN,Dining - Restaurants,DIN-RES,Dining - Restaurants - Fine Dining,DIN-RES-FIN
TXN_20241122_000867,BEST BUY GA,95.21,USD,2024-12-28T07:35:50.964441,pos,"Hyderabad, TG",5732,Shopping,SHP,Shopping - Retail,SHP-RET,Shopping - Retail - Electronics,SHP-RET-ELC
TXN_20241122_000384,CLOUD 932552,1490.97,USD,2024-12-28T20:35:02.964441,online,,5734,Technology,TEC,Technology - Subscriptions,TEC-SUB,Technology - Subscriptions - Cloud,TEC-SUB-CLD
TXN_20241122_000983,GYM MEMBERSHIP #3941,18.29,EUR,2024-12-29T02:43:04.964441,mobile,"San Antonio, TX",7997,Personal Care,PER,Personal Care - Gym,PER-GYM,Personal Care - Gym - Membership,PER-GYM-MEM
TXN_20241122_000688,STARBUCKS  88986,48.46,INR,2024-12-29T07:16:13.964441,mobile,"Hyderabad, TG",5814,Dining,DIN,Dining - Coffee Shops,DIN-COF,Dining - Coffee Shops - Starbucks,DIN-COF-STB
TXN_20241122_000956,STRIPE * SALON,10.0,INR,2024-12-29T21:41:02.964441,pos,"Pune, MH",7230,Personal Care,PER,Personal Care - Salon,PER-SAL,Personal Care - Salon - Haircut,PER-SAL-HAR
TXN_20241122_000826,VEHICLE MAINTENANCE INC,100.0,GBP,2024-12-30T11:09:23.964441,online,,7538,Transportation,TRN,Transportation - Maintenance,TRN-MNT,Transportation - Maintenance - Service,TRN-MNT-SRV
TXN_20241122_000616,PP* CROMA 65347,70.34,INR,2024-12-30T17:25:39.964441,pos,"Pune, MH",5732,Shopping,SHP,Shopping - Retail,SHP-RET,Shopping - Retail - Electronics,SHP-RET-ELC
TXN_20241122_000343,TST* HOTEL,298.64,USD,2024-12-30T19:05:42.964441,pos,"Houston, TX",7011,Travel,TRV,Travel - Accommodation,TRV-ACC,Travel - Accommodation - Hotel,TRV-ACC-HTL
TXN_20241122_000276,INSTACART * 6WIIKUXX,500.0,EUR,2024-12-30T20:21:36.964441,mobile,"Pune, MH",5411,Shopping,SHP,Shopping - Groceries,SHP-GRO,Shopping - Groceries - Online,SHP-GRO-ONL
TXN_20241122_000817,CAR SERVICE LTD,100.0,EUR,2024-12-31T18:32:29.964441,pos,"Pune, MH",7538,Transportation,TRN,Transportation - Maintenance,TRN-MNT,Transportation - Maintenance - Service,TRN-MNT-SRV
TXN_20241122_000698,PAYPAL * INDIGO,554.01,USD,2024-12-31T19:44:54.964441,online,,4511,Travel,TRV,Travel - International,TRV-INT,Travel - International - Flight,TRV-INT-FLT
TXN_20241122_000757,PAYPAL * POSTPAID,80.86,USD,2025-01-01T07:54:28.964441,mobile,"Chicago, IL",4814,Utilities,UTL,Utilities - Internet,UTL-INT,Utilities - Internet - Mobile,UTL-INT-MOB
TXN_20241122_000647,AIR INDIA NC #2419 26236,1593.42,USD,2025-01-01T11:10:07.964441,online,Online,4511,Travel,TRV,Travel - International,TRV-INT,Travel - International - Flight,TRV-INT-FLT
TXN_20241122_000927,RENT,2051.16,EUR,2025-01-01T13:38:11.964441,pos,"Mumbai, MH",6513,Housing,HSG,Housing - Rent,HSG-RNT,Housing - Rent - Monthly,HSG-RNT-MNT
TXN_20241122_000180,SWIGGY #9813 503,62.27,USD,2025-01-01T19:49:21.964441,mobile,"Pune, MH",5814,Dining,DIN,Dining - Food Delivery,DIN-DEL,Dining - Food Delivery - Swiggy,DIN-DEL-SWG
TXN_20241122_000174,TST* DIESEL 84642,100.0,EUR,2025-01-02T09:06:50.964441,pos,"Pune, MH",5541,Transportation,TRN,Transportation - Fuel,TRN-FUL,Transportation - Fuel - Diesel,TRN-FUL-DIE
TXN_20241122_000206,AIRTEL,73.48,USD,2025-01-02T14:45:45.964441,pos,"Phoenix, AZ",4899,Utilities,UTL,Utilities - Internet,UTL-INT,Utilities - Internet - Broadband,UTL-INT-BRD
TXN_20241122_000191,BLINKIT DELHI 1861,142.53,INR,2025-01-02T20:21:20.964441,atm,"Chennai, TN",5411,Shopping,SHP,Shopping - Groceries,SHP-GRO,Shopping - Groceries - Online,SHP-GRO-ONL
TXN_20241122_000696,TEXTBOOKS,557.36,INR,2025-01-03T10:34:01.964441,pos,"Bangalore, KA",5942,Education,EDU,Education - Books,EDU-BOK,Education - Books - Purchase,EDU-BOK-PUR
TXN_20241122_000035,TST* STARBUCKS,9.61,USD,2025-01-03T12:46:08.964441,online,,5814,Dining,DIN,Dining - Coffee Shops,DIN-COF,Dining - Coffee Shops - Starbucks,DIN-COF-STB
TXN_20241122_000977,SWIGGY,69.5,USD,2025-01-03T14:13:58.964441,mobile,"Kolkata, WB",5814,Dining,DIN,Dining - Food Delivery,DIN-DEL,Dining - Food Delivery - Swiggy,DIN-DEL-SWG
TXN_20241122_000002,STRIPE * POWER BILL,66.75,GBP,2025-01-03T23:34:34.964441,online,Internet,4900,Utilities,UTL,Utilities - Electric,UTL-ELC,Utilities - Electric - Bill,UTL-ELC-BIL
TXN_20241122_000003,SBUX DELHI #6303,66.17,GBP,2025-01-04T07:55:53.964441,online,,5814,Dining,DIN,Dining - Coffee Shops,DIN-COF,Dining - Coffee Shops - Starbucks,DIN-COF-STB
TXN_20241122_000252,ZARA * OEFFLR1U,260.63,USD,2025-01-04T17:16:26.964441,pos,"Mumbai, MH",5651,Shopping,SHP,Shopping - Retail,SHP-RET,Shopping - Retail - Clothing,SHP-RET-CLO
TXN_20241122_000778,PAPA JOHNS PUNE #6977,134.42,GBP,2025-01-05T00:50:32.964441,pos,"Philadelphia, PA",5814,Dining,DIN,Dining - Fast Food,DIN-FST,Dining - Fast Food - Pizza,DIN-FST-PIZ
TXN_20241122_000650,PAYPAL * WATER BILL,32.51,USD,2025-01-05T07:43:27.964441,pos,"Mumbai, MH",4900,Utilities,UTL,Utilities - Water,UTL-WAT,Utilities - Water - Bill,UTL-WAT-BIL
TXN_20241122_000283,MCDONALDS #7418,51.55,EUR,2025-01-06T13:39:55.964441,pos,"Philadelphia, PA",5814,Dining,DIN,Dining - Fast Food,DIN-FST,Dining - Fast Food - Burgers,DIN-FST-BRG
TXN_20241122_000718,SQ * PAPA JOHNS,81.74,USD,2025-01-06T18:05:25.964441,mobile,"Pune, MH",5814,Dining,DIN,Dining - Fast Food,DIN-FST,Dining - Fast Food - Pizza,DIN-FST-PIZ
TXN_20241122_000823,PP* INSURANCE PREMIUM,4210.92,EUR,2025-01-07T02:50:23.964441,mobile,"Chicago, IL",6300,Financial Services,FIN,Financial Services - Insurance,FIN-INS,Financial Services - Insurance - Premium,FIN-INS-PRM
TXN_20241122_000841,SQ * PETROL,30.49,AUD,2025-01-07T09:40:50.964441,atm,"Chicago, IL",5541,Transportation,TRN,Transportation - Fuel,TRN-FUL,Transportation - Fuel - Petrol,TRN-FUL-PET
TXN_20241122_000976,FUEL * B6ISPYKL,14.54,USD,2025-01-07T11:22:52.964441,pos,"Houston, TX",5541,Transportation,TRN,Transportation - Fuel,TRN-FUL,Transportation - Fuel - Diesel,TRN-FUL-DIE
TXN_20241122_000386,SBUX TX #5816 38921,36.23,EUR,2025-01-07T19:21:13.964441,mobile,"Ahmedabad, GJ",5814,Dining,DIN,Dining - Coffee Shops,DIN-COF,Dining - Coffee Shops - Starbucks,DIN-COF-STB
TXN_20241122_000813,SQ * CVS,204.14,INR,2025-01-08T09:02:01.964441,atm,"Mumbai, MH",5912,Healthcare,HLT,Healthcare - Pharmacy,HLT-PHR,Healthcare - Pharmacy - Medicine,HLT-PHR-MED
TXN_20241122_000704,SQ * HOUSE RENT,937.71,AUD,2025-01-08T12:04:07.964441,online,,6513,Housing,HSG,Housing - Rent,HSG-RNT,Housing - Rent - Monthly,HSG-RNT-MNT
TXN_20241122_000974,JIRA,773.55,USD,2025-01-08T12:18:33.964441,online,Web Purchase,5734,Technology,TEC,Technology - Subscriptions,TEC-SUB,Technology - Subscriptions - Tools,TEC-SUB-TOL
TXN_20241122_000047,PAYPAL * SBUX,54.74,EUR,2025-01-08T20:51:05.964441,mobile,"Ahmedabad, GJ",5814,Dining,DIN,Dining - Coffee Shops,DIN-COF,Dining - Coffee Shops - Starbucks,DIN-COF-STB
TXN_20241122_000489,SUBWAY * FUKGFVWZ,673.48,USD,2025-01-11T07:04:51.964441,atm,"Mumbai, MH",4111,Travel,TRV,Travel - Local,TRV-LOC,Travel - Local - Metro,TRV-LOC-MET
TXN_20241122_000513,AMAZON MARKETPLACE * 5MKL13OA,328.39,EUR,2025-01-11T08:14:34.964441,online,Online,5942,Shopping,SHP,Shopping - Online,SHP-ONL,Shopping - Online - Amazon,SHP-ONL-AMZ
TXN_20241122_000818,SWIGGY * VZE87FXR,37.39,USD,2025-01-11T21:34:17.964441,mobile,"Kolkata, WB",5814,Dining,DIN,Dining - Food Delivery,DIN-DEL,Dining - Food Delivery - Swiggy,DIN-DEL-SWG
TXN_20241122_000415,TST* AMAZON,47.22,INR,2025-01-12T07:54:58.964441,mobile,"Philadelphia, PA",5942,Shopping,SHP,Shopping - Online,SHP-ONL,Shopping - Online - Amazon,SHP-ONL-AMZ
TXN_20241122_000237,DMART * NXWUBGT2,208.29,EUR,2025-01-12T11:38:58.964441,atm,"Los Angeles, CA",5411,Shopping,SHP,Shopping - Groceries,SHP-GRO,Shopping - Groceries - Supermarket,SHP-GRO-SUP
TXN_20241122_000926,KFC 107630,62.58,INR,2025-01-13T02:34:14.964441,pos,"Pune, MH",5814,Dining,DIN,Dining - Fast Food,DIN-FST,Dining - Fast Food - Burgers,DIN-FST-BRG
TXN_20241122_000114,REPAIR,100.0,INR,2025-01-15T10:27:48.964441,atm,"Pune, MH",7538,Transportation,TRN,Transportation - Maintenance,TRN-MNT,Transportation - Maintenance - Service,TRN-MNT-SRV
TXN_20241122_000193,UNIVERSITY * LK8Z4DEH,954.65,EUR,2025-01-15T14:20:46.964441,pos,"San Antonio, TX",8220,Education,EDU,Education - Tuition,EDU-TUI,Education - Tuition - College,EDU-TUI-COL
TXN_20241122_000369,JIRA * H4N8T0PF,1228.66,AUD,2025-01-17T12:35:57.964441,online,Web Purchase,5734,Technology,TEC,Technology - Subscriptions,TEC-SUB,Technology - Subscriptions - Tools,TEC-SUB-TOL
TXN_20241122_000160,FITNESS 920,80.24,USD,2025-01-17T12:54:50.964441,online,,7997,Personal Care,PER,Personal Care - Gym,PER-GYM,Personal Care - Gym - Membership,PER-GYM-MEM
TXN_20241122_000989,LIVE MUSIC CA #4788,90.39,USD,2025-01-17T20:10:24.964441,online,,7922,Entertainment,ENT,Entertainment - Events,ENT-EVT,Entertainment - Events - Concerts,ENT-EVT-CON
TXN_20241122_000046,PAYPAL * MEDICAL INSURANCE,269.63,GBP,2025-01-18T19:17:47.964441,atm,"Chennai, TN",6300,Healthcare,HLT,Healthcare - Insurance,HLT-INS,Healthcare - Insurance - Premium,HLT-INS-PRM
TXN_20241122_000498,INDIAN OIL * Y9BRDA8E,84.61,USD,2025-01-19T15:18:44.964441,pos,"Kolkata, WB",5541,Transportation,TRN,Transportation - Fuel,TRN-FUL,Transportation - Fuel - Petrol,TRN-FUL-PET
TXN_20241122_000130,UBER TRIP MUMBAI,653.6,EUR,2025-01-19T16:06:05.964441,pos,"Kolkata, WB",4121,Travel,TRV,Travel - Local,TRV-LOC,Travel - Local - Uber,TRV-LOC-UBR
TXN_20241122_000697,DOMINOS #3832 850,125.43,INR,2025-01-20T18:52:44.964441,pos,"Ahmedabad, GJ",5814,Dining,DIN,Dining - Fast Food,DIN-FST,Dining - Fast Food - Pizza,DIN-FST-PIZ
TXN_20241122_000317,PARKING #604,38.25,EUR,2025-01-21T12:30:24.964441,atm,"Chicago, IL",7523,Transportation,TRN,Transportation - Parking,TRN-PRK,Transportation - Parking - Fee,TRN-PRK-FEE
TXN_20241122_000530,SQ * GYM,162.92,USD,2025-01-21T16:39:43.964441,pos,"Bangalore, KA",7997,Personal Care,PER,Personal Care - Gym,PER-GYM,Personal Care - Gym - Membership,PER-GYM-MEM
TXN_20241122_000761,ZEPTO BANGALORE,94.86,USD,2025-01-21T17:17:34.964441,online,,5411,Shopping,SHP,Shopping - Groceries,SHP-GRO,Shopping - Groceries - Online,SHP-GRO-ONL
TXN_20241122_000571,CONTRIBUTION,53.25,EUR,2025-01-22T01:51:10.964441,pos,"Delhi, DL",8398,Charitable,CHR,Charitable - Nonprofits,CHR-NPR,Charitable - Nonprofits - Contribution,CHR-NPR-CON
TXN_20241122_000572,COFFEE PUNE #6219,149.44,USD,2025-01-22T08:02:07.964441,pos,"Houston, TX",5814,Dining,DIN,Dining - Coffee Shops,DIN-COF,Dining - Coffee Shops - Local,DIN-COF-LOC
TXN_20241122_000349,UNIQLO NY,44.66,EUR,2025-01-22T10:25:11.964441,atm,"Los Angeles, CA",5651,Shopping,SHP,Shopping - Retail,SHP-RET,Shopping - Retail - Clothing,SHP-RET-CLO
TXN_20241122_000911,COLLEGE FEE * AUW7QFRF,5000.0,USD,2025-01-22T12:46:14.964441,pos,"Philadelphia, PA",8220,Education,EDU,Education - Tuition,EDU-TUI,Education - Tuition - College,EDU-TUI-COL
TXN_20241122_000714,COFFEE #2748 65903,17.11,EUR,2025-01-22T13:08:36.964441,pos,"Bangalore, KA",5814,Dining,DIN,Dining - Coffee Shops,DIN-COF,Dining - Coffee Shops - Local,DIN-COF-LOC
TXN_20241122_000128,TST* CINEPOLIS,151.73,AUD,2025-01-23T10:01:27.964441,mobile,"San Diego, CA",7832,Entertainment,ENT,Entertainment - Movies,ENT-MOV,Entertainment - Movies - Theater,ENT-MOV-THR
TXN_20241122_000383,CONSULTING #3778,448.91,USD,2025-01-23T10:33:58.964441,pos,"Delhi, DL",8999,Business Expenses,BUS,Business Expenses - Services,BUS-SRV,Business Expenses - Services - Professional,BUS-SRV-PRO
TXN_20241122_000006,TST* LIVE MUSIC,51.05,USD,2025-01-23T21:40:23.964441,pos,"Los Angeles, CA",7922,Entertainment,ENT,Entertainment - Events,ENT-EVT,Entertainment - Events - Concerts,ENT-EVT-CON
TXN_20241122_000329,PAYPAL * UBER 42208,2000.0,EUR,2025-01-24T14:55:25.964441,mobile,"Ahmedabad, GJ",4121,Travel,TRV,Travel - Local,TRV-LOC,Travel - Local - Uber,TRV-LOC-UBR
TXN_20241122_000157,MASSAGE DELHI,23.28,GBP,2025-01-24T15:41:02.964441,atm,"Kolkata, WB",7298,Personal Care,PER,Personal Care - Wellness,PER-WEL,Personal Care - Wellness - Spa,PER-WEL-SPA
TXN_20241122_000793,NGO * 2WT8M5UH,85.67,USD,2025-01-24T18:32:30.964441,pos,"Houston, TX",8398,Charitable,CHR,Charitable - Donations,CHR-DON,Charitable - Donations - NGO,CHR-DON-NGO
TXN_20241122_000981,BOOKMYSHOW PUNE,26.29,AUD,2025-01-24T18:46:37.964441,online,Web Purchase,7922,Entertainment,ENT,Entertainment - Events,ENT-EVT,Entertainment - Events - Concerts,ENT-EVT-CON
TXN_20241122_000810,TST* ZEPTO,199.71,USD,2025-01-25T18:03:15.964441,online,Online,5411,Shopping,SHP,Shopping - Groceries,SHP-GRO,Shopping - Groceries - Online,SHP-GRO-ONL
TXN_20241122_000593,COLLEGE FEE #7758,892.83,USD,2025-01-26T02:53:49.964441,atm,"Chicago, IL",8220,Education,EDU,Education - Tuition,EDU-TUI,Education - Tuition - College,EDU-TUI-COL
TXN_20241122_000629,STRIPE * FLIPKART ONLINE 3718,320.02,EUR,2025-01-26T05:28:20.964441,online,,5942,Shopping,SHP,Shopping - Online,SHP-ONL,Shopping - Online - Flipkart,SHP-ONL-FLP
TXN_20241122_000594,CLINIC 4925,179.34,INR,2025-01-26T12:46:12.964441,online,,8011,Healthcare,HLT,Healthcare - Hospital,HLT-HOS,Healthcare - Hospital - Consultation,HLT-HOS-CON
TXN_20241122_000611,PAYPAL * HEALTH INSURANCE 343931,75.2,INR,2025-01-26T20:41:19.964441,atm,"Houston, TX",6300,Healthcare,HLT,Healthcare - Insurance,HLT-INS,Healthcare - Insurance - Premium,HLT-INS-PRM
TXN_20241122_000898,SQ * MEDPLUS,270.37,USD,2025-01-26T22:28:14.964441,mobile,"Chennai, TN",5912,Healthcare,HLT,Healthcare - Pharmacy,HLT-PHR,Healthcare - Pharmacy - Medicine,HLT-PHR-MED
TXN_20241122_000098,MEDPLUS 296,500.0,USD,2025-01-27T06:04:53.964441,atm,"Chicago, IL",5912,Healthcare,HLT,Healthcare - Pharmacy,HLT-PHR,Healthcare - Pharmacy - Medicine,HLT-PHR-MED
TXN_20241122_000797,NETFLIX SUBSCRIPTION,43.95,GBP,2025-01-27T06:13:38.964441,online,,4899,Entertainment,ENT,Entertainment - Streaming,ENT-STR,Entertainment - Streaming - Netflix,ENT-STR-NFX
TXN_20241122_000610,RESTAURANT #3699,18.92,GBP,2025-01-27T10:11:24.964441,pos,"Kolkata, WB",5812,Dining,DIN,Dining - Restaurants,DIN-RES,Dining - Restaurants - Fine Dining,DIN-RES-FIN
TXN_20241122_000799,ZOMATO FOOD #5573 4077,93.09,USD,2025-01-27T13:52:51.964441,pos,"Ahmedabad, GJ",5814,Dining,DIN,Dining - Food Delivery,DIN-DEL,Dining - Food Delivery - Zomato,DIN-DEL-ZOM
TXN_20241122_000693,NETFLIX SUBSCRIPTION LLC,37.38,EUR,2025-01-27T14:12:05.964441,online,,4899,Entertainment,ENT,Entertainment - Streaming,ENT-STR,Entertainment - Streaming - Netflix,ENT-STR-NFX
TXN_20241122_000871,PAPA JOHNS * 56XUYM46,57.29,GBP,2025-01-28T04:05:25.964441,atm,"Mumbai, MH",5814,Dining,DIN,Dining - Fast Food,DIN-FST,Dining - Fast Food - Pizza,DIN-FST-PIZ
TXN_20241122_000485,SWIGGY FOOD #6699 153,35.57,USD,2025-01-28T04:27:51.964441,mobile,"Philadelphia, PA",5814,Dining,DIN,Dining - Food Delivery,DIN-DEL,Dining - Food Delivery - Swiggy,DIN-DEL-SWG
TXN_20241122_000679,TST* LAPTOP,1195.7,EUR,2025-01-28T14:36:18.964441,pos,"Chennai, TN",5732,Technology,TEC,Technology - Electronics,TEC-ELE,Technology - Electronics - Computer,TEC-ELE-CMP
TXN_20241122_000473,TST* RESTAURANT 65891,99.64,USD,2025-01-28T15:48:05.964441,pos,"Delhi, DL",5812,Dining,DIN,Dining - Restaurants,DIN-RES,Dining - Restaurants - Fine Dining,DIN-RES-FIN
TXN_20241122_000142,SQ * MASSAGE,44.63,USD,2025-01-28T15:59:22.964441,mobile,"Mumbai, MH",7298,Personal Care,PER,Personal Care - Wellness,PER-WEL,Personal Care - Wellness - Spa,PER-WEL-SPA
TXN_20241122_000324,SQ * DIESEL 8267,87.12,INR,2025-01-28T18:06:32.964441,pos,"Hyderabad, TG",5541,Transportation,TRN,Transportation - Fuel,TRN-FUL,Transportation - Fuel - Diesel,TRN-FUL-DIE
TXN_20241122_000933,WALMART FL #116 68744,175.01,USD,2025-01-29T10:45:11.964441,online,,5411,Shopping,SHP,Shopping - Groceries,SHP-GRO,Shopping - Groceries - Supermarket,SHP-GRO-SUP
TXN_20241122_000188,DOMINOS #9672 228103,26.7,INR,2025-01-29T11:03:54.964441,atm,"Phoenix, AZ",5814,Dining,DIN,Dining - Fast Food,DIN-FST,Dining - Fast Food - Pizza,DIN-FST-PIZ
TXN_20241122_000645,TST* POSTPAID 05143,39.66,EUR,2025-01-29T16:31:08.964441,mobile,"Los Angeles, CA",4814,Utilities,UTL,Utilities - Internet,UTL-INT,Utilities - Internet - Mobile,UTL-INT-MOB
TXN_20241122_000800,TST* ZOMATO,114.96,INR,2025-01-29T17:28:13.964441,atm,"Houston, TX",5814,Dining,DIN,Dining - Food Delivery,DIN-DEL,Dining - Food Delivery - Zomato,DIN-DEL-ZOM
TXN_20241122_000328,ADOBE IL,441.85,USD,2025-01-29T17:35:30.964441,mobile,"Kolkata, WB",5734,Technology,TEC,Technology - Software,TEC-SFT,Technology - Software - License,TEC-SFT-LIC
TXN_20241122_000845,CAR SERVICE STORE 038810,100.0,USD,2025-01-29T18:22:29.964441,pos,"Pune, MH",7538,Transportation,TRN,Transportation - Maintenance,TRN-MNT,Transportation - Maintenance - Service,TRN-MNT-SRV
TXN_20241122_000344,MOBILE 456360,483.13,USD,2025-01-30T05:05:52.964441,pos,"Hyderabad, TG",5732,Technology,TEC,Technology - Electronics,TEC-ELE,Technology - Electronics - Mobile,TEC-ELE-MOB
TXN_20241122_000850,H&M LLC 996,500.0,EUR,2025-01-30T20:30:07.964441,pos,"Los Angeles, CA",5651,Shopping,SHP,Shopping - Retail,SHP-RET,Shopping - Retail - Clothing,SHP-RET-CLO
TXN_20241122_000392,FLIPKART ONLINE MUMBAI,249.79,INR,2025-01-30T23:02:51.964441,online,,5942,Shopping,SHP,Shopping - Online,SHP-ONL,Shopping - Online - Flipkart,SHP-ONL-FLP
TXN_20241122_000362,HEALTH INSURANCE MUMBAI,72.22,USD,2025-01-31T15:30:40.964441,online,,6300,Healthcare,HLT,Healthcare - Insurance,HLT-INS,Healthcare - Insurance - Premium,HLT-INS-PRM
TXN_20241122_000619,MORTGAGE ONLINE,1652.47,EUR,2025-01-31T19:57:14.964441,mobile,"Houston, TX",6513,Housing,HSG,Housing - Mortgage,HSG-MTG,Housing - Mortgage - EMI,HSG-MTG-EMI
TXN_20241122_000659,PARKING LOT  59684,100.0,USD,2025-02-01T05:51:28.964441,pos,"San Diego, CA",7523,Transportation,TRN,Transportation - Parking,TRN-PRK,Transportation - Parking - Fee,TRN-PRK-FEE
TXN_20241122_000670,ELECTRICITY #2170 9165,253.29,EUR,2025-02-01T10:35:26.964441,mobile,"San Antonio, TX",4900,Utilities,UTL,Utilities - Electric,UTL-ELC,Utilities - Electric - Bill,UTL-ELC-BIL
TXN_20241122_000821,PIZZA HUT,86.06,AUD,2025-02-02T01:15:28.964441,pos,"Chennai, TN",5814,Dining,DIN,Dining - Fast Food,DIN-FST,Dining - Fast Food - Pizza,DIN-FST-PIZ
TXN_20241122_000599,STARBUCKS * VQ3JF82Q,54.63,USD,2025-02-02T02:50:56.964441,online,,5814,Dining,DIN,Dining - Coffee Shops,DIN-COF,Dining - Coffee Shops - Starbucks,DIN-COF-STB
TXN_20241122_000615,PAYPAL * PETROL,37.18,USD,2025-02-02T09:58:19.964441,pos,"Mumbai, MH",5541,Transportation,TRN,Transportation - Fuel,TRN-FUL,Transportation - Fuel - Petrol,TRN-FUL-PET
TXN_20241122_000268,TST* WATER BILL,82.37,USD,2025-02-02T20:23:05.964441,pos,"Chennai, TN",4900,Utilities,UTL,Utilities - Water,UTL-WAT,Utilities - Water - Bill,UTL-WAT-BIL
TXN_20241122_000798,RESTAURANT WA,113.98,USD,2025-02-03T10:48:38.964441,pos,"San Diego, CA",5812,Dining,DIN,Dining - Restaurants,DIN-RES,Dining - Restaurants - Fine Dining,DIN-RES-FIN
TXN_20241122_000834,REPAIR 071579,100.0,GBP,2025-02-03T15:58:05.964441,pos,"Ahmedabad, GJ",7538,Transportation,TRN,Transportation - Maintenance,TRN-MNT,Transportation - Maintenance - Service,TRN-MNT-SRV
TXN_20241122_000419,SOFTWARE ONLINE 402519,2000.0,USD,2025-02-03T16:00:42.964441,pos,"New York, NY",5734,Technology,TEC,Technology - Software,TEC-SFT,Technology - Software - License,TEC-SFT-LIC
TXN_20241122_000342,STARBUCKS #4464 819,150.0,USD,2025-02-04T00:24:08.964441,atm,"Philadelphia, PA",5814,Dining,DIN,Dining - Coffee Shops,DIN-COF,Dining - Coffee Shops - Starbucks,DIN-COF-STB
TXN_20241122_000934,CONTRIBUTION * MV9UYR4J 0890,365.6,USD,2025-02-04T05:07:48.964441,mobile,"Kolkata, WB",8398,Charitable,CHR,Charitable - Nonprofits,CHR-NPR,Charitable - Nonprofits - Contribution,CHR-NPR-CON
TXN_20241122_000041,ZEPTO GA,465.64,USD,2025-02-04T06:53:41.964441,pos,"Pune, MH",5411,Shopping,SHP,Shopping - Groceries,SHP-GRO,Shopping - Groceries - Online,SHP-GRO-ONL
TXN_20241122_000321,SWIGGY FOOD * 2ICSPF4Q,150.0,GBP,2025-02-04T13:28:50.964441,online,Online,5814,Dining,DIN,Dining - Food Delivery,DIN-DEL,Dining - Food Delivery - Swiggy,DIN-DEL-SWG
TXN_20241122_000120,SQ * NETFLIX SUBSCRIPTION,50.07,INR,2025-02-04T16:49:46.964441,online,,4899,Entertainment,ENT,Entertainment - Streaming,ENT-STR,Entertainment - Streaming - Netflix,ENT-STR-NFX
TXN_20241122_000396,WALMART MUMBAI #713,133.04,USD,2025-02-04T18:03:32.964441,pos,"Mumbai, MH",5411,Shopping,SHP,Shopping - Groceries,SHP-GRO,Shopping - Groceries - Supermarket,SHP-GRO-SUP
TXN_20241122_000113,STATIONERY STORE,1000.0,GBP,2025-02-04T18:29:51.964441,atm,"Los Angeles, CA",5943,Business Expenses,BUS,Business Expenses - Office,BUS-OFC,Business Expenses - Office - Supplies,BUS-OFC-SUP
TXN_20241122_000201,WATER #126,218.42,INR,2025-02-05T19:32:10.964441,atm,"New York, NY",4900,Utilities,UTL,Utilities - Water,UTL-WAT,Utilities - Water - Bill,UTL-WAT-BIL
TXN_20241122_000161,NETFLIX * JMV34TDH 342,34.22,USD,2025-02-06T04:46:53.964441,online,Web Purchase,4899,Entertainment,ENT,Entertainment - Streaming,ENT-STR,Entertainment - Streaming - Netflix,ENT-STR-NFX
TXN_20241122_000466,SBUX #3001,49.52,INR,2025-02-06T09:28:09.964441,mobile,"Mumbai, MH",5814,Dining,DIN,Dining - Coffee Shops,DIN-COF,Dining - Coffee Shops - Starbucks,DIN-COF-STB
TXN_20241122_000036,AMAZON MARKETPLACE #5834 532,158.52,USD,2025-02-06T12:35:30.964441,online,,5942,Shopping,SHP,Shopping - Online,SHP-ONL,Shopping - Online - Amazon,SHP-ONL-AMZ
TXN_20241122_000475,GYM,53.9,USD,2025-02-06T16:07:21.964441,online,Web Purchase,7997,Personal Care,PER,Personal Care - Gym,PER-GYM,Personal Care - Gym - Membership,PER-GYM-MEM
TXN_20241122_000607,CAR SERVICE #2342,100.0,USD,2025-02-06T17:39:03.964441,online,,7538,Transportation,TRN,Transportation - Maintenance,TRN-MNT,Transportation - Maintenance - Service,TRN-MNT-SRV
TXN_20241122_000499,PP* DOMINOS,34.82,USD,2025-02-06T19:34:22.964441,pos,"Pune, MH",5814,Dining,DIN,Dining - Fast Food,DIN-FST,Dining - Fast Food - Pizza,DIN-FST-PIZ
TXN_20241122_000413,RESTAURANT,30.18,GBP,2025-02-06T19:44:23.964441,pos,"New York, NY",5812,Dining,DIN,Dining - Restaurants,DIN-RES,Dining - Restaurants - Fine Dining,DIN-RES-FIN
TXN_20241122_000197,MEDICAL INSURANCE * MNJLE4J0,116.5,GBP,2025-02-07T09:04:37.964441,atm,"Chennai, TN",6300,Healthcare,HLT,Healthcare - Insurance,HLT-INS,Healthcare - Insurance - Premium,HLT-INS-PRM
TXN_20241122_000963,SWIGGY DELIVERY WA #2883 1253,51.84,EUR,2025-02-07T15:29:03.964441,mobile,"San Antonio, TX",5814,Dining,DIN,Dining - Food Delivery,DIN-DEL,Dining - Food Delivery - Swiggy,DIN-DEL-SWG
TXN_20241122_000005,SPA DELHI,66.88,INR,2025-02-07T19:27:11.964441,pos,"Hyderabad, TG",7298,Personal Care,PER,Personal Care - Wellness,PER-WEL,Personal Care - Wellness - Spa,PER-WEL-SPA
TXN_20241122_000312,HOTSTAR DELHI #8134,14.42,USD,2025-02-08T00:01:26.964441,online,,4899,Entertainment,ENT,Entertainment - Streaming,ENT-STR,Entertainment - Streaming - Other,ENT-STR-OTH
TXN_20241122_000391,HOME LOAN,2207.61,AUD,2025-02-08T01:07:35.964441,atm,"Mumbai, MH",6513,Housing,HSG,Housing - Mortgage,HSG-MTG,Housing - Mortgage - EMI,HSG-MTG-EMI
TXN_20241122_000536,HAIRCUT,70.85,USD,2025-02-08T03:32:32.964441,mobile,"Los Angeles, CA",7230,Personal Care,PER,Personal Care - Salon,PER-SAL,Personal Care - Salon - Haircut,PER-SAL-HAR
TXN_20241122_000642,BROADBAND,79.31,GBP,2025-02-09T04:04:08.964441,pos,"New York, NY",4899,Utilities,UTL,Utilities - Internet,UTL-INT,Utilities - Internet - Broadband,UTL-INT-BRD
TXN_20241122_000205,GOOGLE CLOUD,281.3,GBP,2025-02-09T06:46:21.964441,online,,5734,Technology,TEC,Technology - Subscriptions,TEC-SUB,Technology - Subscriptions - Cloud,TEC-SUB-CLD
TXN_20241122_000187,SQ * NETFLIX SUBSCRIPTION 25778,99.37,USD,2025-02-09T08:32:31.964441,online,,4899,Entertainment,ENT,Entertainment - Streaming,ENT-STR,Entertainment - Streaming - Netflix,ENT-STR-NFX
TXN_20241122_000204,MCDONALDS #3417,21.86,USD,2025-02-09T15:59:24.964441,pos,"Hyderabad, TG",5814,Dining,DIN,Dining - Fast Food,DIN-FST,Dining - Fast Food - Burgers,DIN-FST-BRG
TXN_20241122_000313,PAYPAL * PC,884.14,AUD,2025-02-10T09:39:47.964441,pos,"Delhi, DL",5732,Technology,TEC,Technology - Electronics,TEC-ELE,Technology - Electronics - Computer,TEC-ELE-CMP
TXN_20241122_000387,KFC,17.72,USD,2025-02-10T16:46:31.964441,pos,"Houston, TX",5814,Dining,DIN,Dining - Fast Food,DIN-FST,Dining - Fast Food - Burgers,DIN-FST-BRG
TXN_20241122_000468,CINEPOLIS GA,79.54,USD,2025-02-11T17:18:14.964441,mobile,"Los Angeles, CA",7832,Entertainment,ENT,Entertainment - Movies,ENT-MOV,Entertainment - Movies - Theater,ENT-MOV-THR
TXN_20241122_000515,SQ * DOCTOR,146.41,EUR,2025-02-12T03:22:07.964441,mobile,"Phoenix, AZ",8011,Healthcare,HLT,Healthcare - Hospital,HLT-HOS,Healthcare - Hospital - Consultation,HLT-HOS-CON
TXN_20241122_000495,STRIPE * SWIGGY DELIVERY 99004,36.5,USD,2025-02-12T09:28:02.964441,pos,"New York, NY",5814,Dining,DIN,Dining - Food Delivery,DIN-DEL,Dining - Food Delivery - Swiggy,DIN-DEL-SWG
TXN_20241122_000310,PARKING LOT * L0CI7D6N,24.0,USD,2025-02-12T10:26:44.964441,atm,"Bangalore, KA",7523,Transportation,TRN,Transportation - Parking,TRN-PRK,Transportation - Parking - Fee,TRN-PRK-FEE
TXN_20241122_000689,PARKING * K1HW6YSN,17.9,INR,2025-02-12T11:49:03.964441,pos,"Delhi, DL",7523,Transportation,TRN,Transportation - Parking,TRN-PRK,Transportation - Parking - Fee,TRN-PRK-FEE
TXN_20241122_000988,SQ * GYM MEMBERSHIP 913805,61.36,USD,2025-02-13T15:30:33.964441,atm,"Phoenix, AZ",7997,Personal Care,PER,Personal Care - Gym,PER-GYM,Personal Care - Gym - Membership,PER-GYM-MEM
TXN_20241122_000165,STRIPE * PARKING,43.7,INR,2025-02-13T15:57:39.964441,atm,"Phoenix, AZ",7523,Transportation,TRN,Transportation - Parking,TRN-PRK,Transportation - Parking - Fee,TRN-PRK-FEE
TXN_20241122_000671,VISA FEE * 9GMHQHPR 3506,311.87,AUD,2025-02-13T16:14:31.964441,online,,9399,Travel,TRV,Travel - International,TRV-INT,Travel - International - Visa,TRV-INT-VIS
TXN_20241122_000746,ELECTRICITY * ODCOIVTX,96.34,AUD,2025-02-13T19:28:57.964441,online,Internet,4900,Utilities,UTL,Utilities - Electric,UTL-ELC,Utilities - Electric - Bill,UTL-ELC-BIL
TXN_20241122_000899,FINE DINING ONLINE,91.62,USD,2025-02-14T12:28:45.964441,pos,"Los Angeles, CA",5812,Dining,DIN,Dining - Restaurants,DIN-RES,Dining - Restaurants - Fine Dining,DIN-RES-FIN
TXN_20241122_000407,TST* SWIGGY 4046,150.0,EUR,2025-02-14T13:02:17.964441,mobile,"San Diego, CA",5814,Dining,DIN,Dining - Food Delivery,DIN-DEL,Dining - Food Delivery - Swiggy,DIN-DEL-SWG
TXN_20241122_000086,SQ * AMZN,500.0,INR,2025-02-14T18:23:51.964441,online,,5942,Shopping,SHP,Shopping - Online,SHP-ONL,Shopping - Online - Amazon,SHP-ONL-AMZ
TXN_20241122_000211,BARISTA,65.58,EUR,2025-02-14T18:50:12.964441,online,,5814,Dining,DIN,Dining - Coffee Shops,DIN-COF,Dining - Coffee Shops - Local,DIN-COF-LOC
TXN_20241122_000136,POWER BILL * MMOD8HTU,109.84,USD,2025-02-15T19:13:58.964441,atm,"Mumbai, MH",4900,Utilities,UTL,Utilities - Electric,UTL-ELC,Utilities - Electric - Bill,UTL-ELC-BIL
TXN_20241122_000971,COMPUTER,1117.93,EUR,2025-02-15T23:30:17.964441,mobile,"San Diego, CA",5732,Technology,TEC,Technology - Electronics,TEC-ELE,Technology - Electronics - Computer,TEC-ELE-CMP
TXN_20241122_000279,CINEPOLIS VA,130.25,GBP,2025-02-16T00:27:09.964441,atm,"Kolkata, WB",7832,Entertainment,ENT,Entertainment - Movies,ENT-MOV,Entertainment - Movies - Theater,ENT-MOV-THR
TXN_20241122_000751,PAYPAL * RELIANCE DIGITAL,176.38,USD,2025-02-16T10:05:49.964441,pos,"Philadelphia, PA",5732,Shopping,SHP,Shopping - Retail,SHP-RET,Shopping - Retail - Electronics,SHP-RET-ELC
TXN_20241122_000226,SBUX STORE,150.0,USD,2025-02-16T11:58:23.964441,mobile,"Pune, MH",5814,Dining,DIN,Dining - Coffee Shops,DIN-COF,Dining - Coffee Shops - Starbucks,DIN-COF-STB
TXN_20241122_000526,COFFEE BANGALORE,17.87,INR,2025-02-16T12:00:12.964441,mobile,"Chicago, IL",5814,Dining,DIN,Dining - Coffee Shops,DIN-COF,Dining - Coffee Shops - Local,DIN-COF-LOC
TXN_20241122_000147,RICKSHAW #9132,609.31,GBP,2025-02-16T12:39:26.964441,mobile,"Bangalore, KA",4121,Travel,TRV,Travel - Local,TRV-LOC,Travel - Local - Auto/Rickshaw,TRV-LOC-AUT
TXN_20241122_000715,ELECTRICITY * TCH201HB,211.55,EUR,2025-02-16T12:48:55.964441,mobile,"Bangalore, KA",4900,Utilities,UTL,Utilities - Electric,UTL-ELC,Utilities - Electric - Bill,UTL-ELC-BIL
TXN_20241122_000281,RELIANCE DIGITAL NY #1972 255,160.93,INR,2025-02-17T14:18:32.964441,mobile,"Los Angeles, CA",5732,Shopping,SHP,Shopping - Retail,SHP-RET,Shopping - Retail - Electronics,SHP-RET-ELC
TXN_20241122_000903,COFFEE MA,73.15,INR,2025-02-17T15:24:01.964441,online,,5814,Dining,DIN,Dining - Coffee Shops,DIN-COF,Dining - Coffee Shops - Local,DIN-COF-LOC
TXN_20241122_000617,STRIPE * EATERY,88.2,USD,2025-02-17T19:55:04.964441,pos,"Chennai, TN",5812,Dining,DIN,Dining - Restaurants,DIN-RES,Dining - Restaurants - Casual,DIN-RES-CAS
TXN_20241122_000186,SBUX * 6A0TZVXN 77849,72.56,USD,2025-02-18T08:34:06.964441,online,,5814,Dining,DIN,Dining - Coffee Shops,DIN-COF,Dining - Coffee Shops - Starbucks,DIN-COF-STB
TXN_20241122_000326,GITHUB INC,2000.0,EUR,2025-02-18T15:27:20.964441,online,Web Purchase,5734,Technology,TEC,Technology - Subscriptions,TEC-SUB,Technology - Subscriptions - Tools,TEC-SUB-TOL
TXN_20241122_000350,FLIPKART ONLINE TX 606,335.04,USD,2025-02-18T20:35:58.964441,online,,5942,Shopping,SHP,Shopping - Online,SHP-ONL,Shopping - Online - Flipkart,SHP-ONL-FLP
TXN_20241122_000359,INSTACART INC 3899,276.41,USD,2025-02-18T23:51:08.964441,online,Web Purchase,5411,Shopping,SHP,Shopping - Groceries,SHP-GRO,Shopping - Groceries - Online,SHP-GRO-ONL
TXN_20241122_000411,ELECTRICITY #3145,131.49,USD,2025-02-20T10:57:38.964441,atm,"Pune, MH",4900,Utilities,UTL,Utilities - Electric,UTL-ELC,Utilities - Electric - Bill,UTL-ELC-BIL
TXN_20241122_000897,LIFE INSURANCE MUMBAI #5249,1105.78,USD,2025-02-21T07:53:50.964441,mobile,"Los Angeles, CA",6300,Financial Services,FIN,Financial Services - Insurance,FIN-INS,Financial Services - Insurance - Premium,FIN-INS-PRM
TXN_20241122_000548,CAR SERVICE * TJQGCUJ0,28.35,INR,2025-02-21T13:04:09.964441,pos,"San Diego, CA",7538,Transportation,TRN,Transportation - Maintenance,TRN-MNT,Transportation - Maintenance - Service,TRN-MNT-SRV
TXN_20241122_000565,WELLNESS,40.99,USD,2025-02-21T18:23:47.964441,online,,7298,Personal Care,PER,Personal Care - Wellness,PER-WEL,Personal Care - Wellness - Spa,PER-WEL-SPA
TXN_20241122_000806,ZOMATO LTD,150.0,INR,2025-02-21T19:13:06.964441,mobile,"San Diego, CA",5814,Dining,DIN,Dining - Food Delivery,DIN-DEL,Dining - Food Delivery - Zomato,DIN-DEL-ZOM
TXN_20241122_000366,SQ * OFFICE SUPPLIES,118.83,GBP,2025-02-22T21:19:06.964441,mobile,"Los Angeles, CA",5943,Business Expenses,BUS,Business Expenses - Office,BUS-OFC,Business Expenses - Office - Supplies,BUS-OFC-SUP
TXN_20241122_000403,PAYPAL * PROFESSIONAL SERVICES,103.95,INR,2025-02-22T22:20:09.964441,online,,8999,Business Expenses,BUS,Business Expenses - Services,BUS-SRV,Business Expenses - Services - Professional,BUS-SRV-PRO
TXN_20241122_000739,AMAZON PRIME VA #885 6333,29.95,USD,2025-02-24T11:29:58.964441,online,,4899,Entertainment,ENT,Entertainment - Streaming,ENT-STR,Entertainment - Streaming - Prime,ENT-STR-PRM
TXN_20241122_000385,PAYPAL * CAR SERVICE,60.81,USD,2025-02-24T12:45:57.964441,mobile,"Hyderabad, TG",7538,Transportation,TRN,Transportation - Maintenance,TRN-MNT,Transportation - Maintenance - Service,TRN-MNT-SRV
TXN_20241122_000944,ELECTRIC COMPANY VA #8140,300.0,USD,2025-02-24T14:06:45.964441,atm,"Ahmedabad, GJ",4900,Utilities,UTL,Utilities - Electric,UTL-ELC,Utilities - Electric - Bill,UTL-ELC-BIL
TXN_20241122_000521,NETFLIX SUBSCRIPTION GA,134.3,USD,2025-02-24T19:49:20.964441,online,,4899,Entertainment,ENT,Entertainment - Streaming,ENT-STR,Entertainment - Streaming - Netflix,ENT-STR-NFX
TXN_20241122_000422,SBUX DELHI #5691,52.61,USD,2025-02-25T09:26:20.964441,atm,"San Diego, CA",5814,Dining,DIN,Dining - Coffee Shops,DIN-COF,Dining - Coffee Shops - Starbucks,DIN-COF-STB
TXN_20241122_000953,FITNESS #8988,117.47,USD,2025-02-25T11:32:44.964441,pos,"Pune, MH",7997,Personal Care,PER,Personal Care - Gym,PER-GYM,Personal Care - Gym - Membership,PER-GYM-MEM
TXN_20241122_000467,ELECTRICITY TX,165.49,INR,2025-02-25T14:28:47.964441,mobile,"Phoenix, AZ",4900,Utilities,UTL,Utilities - Electric,UTL-ELC,Utilities - Electric - Bill,UTL-ELC-BIL
TXN_20241122_000837,RELIANCE DIGITAL LLC,73.36,EUR,2025-02-25T16:17:31.964441,mobile,"Delhi, DL",5732,Shopping,SHP,Shopping - Retail,SHP-RET,Shopping - Retail - Electronics,SHP-RET-ELC
TXN_20241122_000876,BANK FEE,9431.38,EUR,2025-02-26T10:00:04.964441,atm,"New York, NY",6010,Financial Services,FIN,Financial Services - Banking,FIN-BNK,Financial Services - Banking - Fees,FIN-BNK-FEE
TXN_20241122_000402,DOMINOS DELHI,9.72,EUR,2025-02-26T15:59:33.964441,pos,"Mumbai, MH",5814,Dining,DIN,Dining - Fast Food,DIN-FST,Dining - Fast Food - Pizza,DIN-FST-PIZ
TXN_20241122_000951,TEXTBOOKS VA,2146.02,USD,2025-02-26T17:14:22.964441,pos,"Ahmedabad, GJ",5942,Education,EDU,Education - Books,EDU-BOK,Education - Books - Purchase,EDU-BOK-PUR
TXN_20241122_000878,TST* STATIONERY,563.92,USD,2025-02-27T09:01:49.964441,mobile,"Hyderabad, TG",5943,Business Expenses,BUS,Business Expenses - Office,BUS-OFC,Business Expenses - Office - Supplies,BUS-OFC-SUP
TXN_20241122_000486,SQ * EMI,3000.0,USD,2025-02-27T15:37:47.964441,online,Web Purchase,6513,Housing,HSG,Housing - Mortgage,HSG-MTG,Housing - Mortgage - EMI,HSG-MTG-EMI
TXN_20241122_000254,NETFLIX SUBSCRIPTION * HYZC2MKI 548,104.88,EUR,2025-02-28T00:00:18.964441,online,,4899,Entertainment,ENT,Entertainment - Streaming,ENT-STR,Entertainment - Streaming - Netflix,ENT-STR-NFX
TXN_20241122_000829,DOCTOR,104.3,USD,2025-02-28T11:04:39.964441,pos,"Pune, MH",8011,Healthcare,HLT,Healthcare - Hospital,HLT-HOS,Healthcare - Hospital - Consultation,HLT-HOS-CON
TXN_20241122_000628,STATIONERY MA,884.16,EUR,2025-03-02T01:15:10.964441,online,Online,5943,Business Expenses,BUS,Business Expenses - Office,BUS-OFC,Business Expenses - Office - Supplies,BUS-OFC-SUP
TXN_20241122_000676,DIESEL * LWJ0ZOAN,100.0,USD,2025-03-02T13:55:15.964441,pos,"New York, NY",5541,Transportation,TRN,Transportation - Fuel,TRN-FUL,Transportation - Fuel - Diesel,TRN-FUL-DIE
TXN_20241122_000657,CLOTHING STORE LLC,44.26,AUD,2025-03-02T14:52:45.964441,pos,"Delhi, DL",5651,Shopping,SHP,Shopping - Retail,SHP-RET,Shopping - Retail - Clothing,SHP-RET-CLO
TXN_20241122_000364,ZOMATO,48.07,INR,2025-03-03T13:32:41.964441,mobile,"Chicago, IL",5814,Dining,DIN,Dining - Food Delivery,DIN-DEL,Dining - Food Delivery - Zomato,DIN-DEL-ZOM
TXN_20241122_000758,FUEL,46.75,USD,2025-03-04T11:16:42.964441,pos,"Hyderabad, TG",5541,Transportation,TRN,Transportation - Fuel,TRN-FUL,Transportation - Fuel - Diesel,TRN-FUL-DIE
TXN_20241122_000264,INSURANCE FL,1000.07,USD,2025-03-04T13:39:05.964441,pos,"Los Angeles, CA",6300,Financial Services,FIN,Financial Services - Insurance,FIN-INS,Financial Services - Insurance - Premium,FIN-INS-PRM
TXN_20241122_000654,SQ * PARKING FEE,34.42,USD,2025-03-04T15:20:14.964441,pos,"San Diego, CA",7523,Transportation,TRN,Transportation - Parking,TRN-PRK,Transportation - Parking - Fee,TRN-PRK-FEE
TXN_20241122_000110,DOMINOS TX #4646 356511,47.56,USD,2025-03-05T10:39:21.964441,pos,"Chicago, IL",5814,Dining,DIN,Dining - Fast Food,DIN-FST,Dining - Fast Food - Pizza,DIN-FST-PIZ
TXN_20241122_000200,STRIPE * NETFLIX 0203,65.46,EUR,2025-03-05T11:39:31.964441,online,,4899,Entertainment,ENT,Entertainment - Streaming,ENT-STR,Entertainment - Streaming - Netflix,ENT-STR-NFX
TXN_20241122_000835,INDIAN OIL * 9JH7UG49 65196,31.76,EUR,2025-03-05T15:03:14.964441,pos,"San Diego, CA",5541,Transportation,TRN,Transportation - Fuel,TRN-FUL,Transportation - Fuel - Petrol,TRN-FUL-PET
TXN_20241122_000782,FINE DINING * O4GAAPP8,22.76,AUD,2025-03-05T20:21:59.964441,pos,"Kolkata, WB",5812,Dining,DIN,Dining - Restaurants,DIN-RES,Dining - Restaurants - Fine Dining,DIN-RES-FIN
TXN_20241122_000668,ELECTRICITY WA #4598,20.0,USD,2025-03-05T23:16:12.964441,mobile,"Ahmedabad, GJ",4900,Utilities,UTL,Utilities - Electric,UTL-ELC,Utilities - Electric - Bill,UTL-ELC-BIL
TXN_20241122_000788,SQ * FLIPKART,500.0,INR,2025-03-06T17:31:42.964441,online,,5942,Shopping,SHP,Shopping - Online,SHP-ONL,Shopping - Online - Flipkart,SHP-ONL-FLP
TXN_20241122_000079,COMPUTER * V77F6NDC,810.78,EUR,2025-03-07T07:05:49.964441,pos,"Delhi, DL",5732,Technology,TEC,Technology - Electronics,TEC-ELE,Technology - Electronics - Computer,TEC-ELE-CMP
TXN_20241122_000282,SQ * RENTAL PAYMENT,2920.31,EUR,2025-03-07T13:26:11.964441,mobile,"Mumbai, MH",6513,Housing,HSG,Housing - Rent,HSG-RNT,Housing - Rent - Monthly,HSG-RNT-MNT
TXN_20241122_000432,MCDONALDS PUNE #6651,35.86,USD,2025-03-07T20:27:26.964441,pos,"Pune, MH",5814,Dining,DIN,Dining - Fast Food,DIN-FST,Dining - Fast Food - Burgers,DIN-FST-BRG
TXN_20241122_000662,NETFLIX SUBSCRIPTION * JNU9B8ZO,31.37,INR,2025-03-08T04:16:21.964441,atm,"Pune, MH",4899,Entertainment,ENT,Entertainment - Streaming,ENT-STR,Entertainment - Streaming - Netflix,ENT-STR-NFX
TXN_20241122_000580,DOMINOS PUNE 7521,121.62,USD,2025-03-08T09:33:52.964441,online,Web Purchase,5814,Dining,DIN,Dining - Fast Food,DIN-FST,Dining - Fast Food - Pizza,DIN-FST-PIZ
TXN_20241122_000507,PREPAID CA #5484,198.13,GBP,2025-03-08T13:04:19.964441,online,,4814,Utilities,UTL,Utilities - Internet,UTL-INT,Utilities - Internet - Mobile,UTL-INT-MOB
TXN_20241122_000090,TST* AIRWAYS 15738,875.38,USD,2025-03-08T14:57:49.964441,mobile,"Ahmedabad, GJ",4511,Travel,TRV,Travel - International,TRV-INT,Travel - International - Flight,TRV-INT-FLT
TXN_20241122_000893,UDEMY * PLVUU868,2090.04,USD,2025-03-09T09:31:02.964441,online,,8299,Education,EDU,Education - Courses,EDU-CRS,Education - Courses - Online,EDU-CRS-ONL
TXN_20241122_000552,HEALTH INSURANCE NY 864245,73.65,USD,2025-03-09T16:56:14.964441,pos,"Mumbai, MH",6300,Healthcare,HLT,Healthcare - Insurance,HLT-INS,Healthcare - Insurance - Premium,HLT-INS-PRM
TXN_20241122_000414,FLIPKART NC #3392,234.44,USD,2025-03-10T10:13:18.964441,online,,5942,Shopping,SHP,Shopping - Online,SHP-ONL,Shopping - Online - Flipkart,SHP-ONL-FLP
TXN_20241122_000354,STOCK,5463.14,USD,2025-03-11T17:40:41.964441,atm,"Houston, TX",6211,Financial Services,FIN,Financial Services - Investment,FIN-INV,Financial Services - Investment - Trading,FIN-INV-TRD
TXN_20241122_000736,SALON,93.28,USD,2025-03-13T10:17:08.964441,online,,7230,Personal Care,PER,Personal Care - Salon,PER-SAL,Personal Care - Salon - Haircut,PER-SAL-HAR
TXN_20241122_000687,BOOKMYSHOW LTD 635,39.98,INR,2025-03-14T02:15:58.964441,mobile,"San Diego, CA",7922,Entertainment,ENT,Entertainment - Events,ENT-EVT,Entertainment - Events - Concerts,ENT-EVT-CON
TXN_20241122_000117,AMZN TX #9483,251.92,GBP,2025-03-14T09:24:00.964441,mobile,"Kolkata, WB",5942,Shopping,SHP,Shopping - Online,SHP-ONL,Shopping - Online - Amazon,SHP-ONL-AMZ
TXN_20241122_000044,POWER BILL STORE 757,201.13,INR,2025-03-14T16:11:29.964441,pos,"San Diego, CA",4900,Utilities,UTL,Utilities - Electric,UTL-ELC,Utilities - Electric - Bill,UTL-ELC-BIL
TXN_20241122_000975,SWIGGY FOOD LTD 166696,82.48,EUR,2025-03-15T10:34:19.964441,pos,"Philadelphia, PA",5814,Dining,DIN,Dining - Food Delivery,DIN-DEL,Dining - Food Delivery - Swiggy,DIN-DEL-SWG
TXN_20241122_000459,BANK FEE * R6QTYRMC,10000.0,EUR,2025-03-15T16:29:31.964441,pos,"Hyderabad, TG",6010,Financial Services,FIN,Financial Services - Banking,FIN-BNK,Financial Services - Banking - Fees,FIN-BNK-FEE
TXN_20241122_000457,SWIGGY DELIVERY #7083,61.55,USD,2025-03-15T19:36:56.964441,pos,"Ahmedabad, GJ",5814,Dining,DIN,Dining - Food Delivery,DIN-DEL,Dining - Food Delivery - Swiggy,DIN-DEL-SWG
TXN_20241122_000390,RESTAURANT IL #4627,109.64,USD,2025-03-16T06:52:53.964441,pos,"San Antonio, TX",5812,Dining,DIN,Dining - Restaurants,DIN-RES,Dining - Restaurants - Fine Dining,DIN-RES-FIN
TXN_20241122_000162,FITNESS STORE 7633,112.35,INR,2025-03-16T11:05:02.964441,pos,"Houston, TX",7997,Personal Care,PER,Personal Care - Gym,PER-GYM,Personal Care - Gym - Membership,PER-GYM-MEM
TXN_20241122_000109,SQ * DOMINOS,15.18,USD,2025-03-17T01:12:51.964441,pos,"Bangalore, KA",5814,Dining,DIN,Dining - Fast Food,DIN-FST,Dining - Fast Food - Pizza,DIN-FST-PIZ
TXN_20241122_000620,PIZZA HUT * UZJ2EAKC 22947,17.22,USD,2025-03-17T09:44:56.964441,pos,"Phoenix, AZ",5814,Dining,DIN,Dining - Fast Food,DIN-FST,Dining - Fast Food - Pizza,DIN-FST-PIZ
TXN_20241122_000314,SWIGGY DELIVERY,62.6,INR,2025-03-17T18:09:45.964441,online,,5814,Dining,DIN,Dining - Food Delivery,DIN-DEL,Dining - Food Delivery - Swiggy,DIN-DEL-SWG
TXN_20241122_000890,COLLEGE FEE #5556 001548,1800.52,USD,2025-03-17T18:23:32.964441,online,,8220,Education,EDU,Education - Tuition,EDU-TUI,Education - Tuition - College,EDU-TUI-COL
TXN_20241122_000214,SPOTIFY CA #6171,200.0,INR,2025-03-17T20:03:43.964441,online,,4899,Entertainment,ENT,Entertainment - Streaming,ENT-STR,Entertainment - Streaming - Other,ENT-STR-OTH
TXN_20241122_000291,MEDICAL INSURANCE FL #8236,44.93,EUR,2025-03-18T11:26:38.964441,atm,"Mumbai, MH",6300,Healthcare,HLT,Healthcare - Insurance,HLT-INS,Healthcare - Insurance - Premium,HLT-INS-PRM
TXN_20241122_000503,LIVE MUSIC DELHI,53.79,USD,2025-03-18T15:24:35.964441,online,,7922,Entertainment,ENT,Entertainment - Events,ENT-EVT,Entertainment - Events - Concerts,ENT-EVT-CON
TXN_20241122_000912,CROMA NC,500.0,AUD,2025-03-18T18:11:45.964441,atm,"Chennai, TN",5732,Shopping,SHP,Shopping - Retail,SHP-RET,Shopping - Retail - Electronics,SHP-RET-ELC
TXN_20241122_000471,PIZZA HUT DELHI,39.87,INR,2025-03-18T19:15:16.964441,pos,"Los Angeles, CA",5814,Dining,DIN,Dining - Fast Food,DIN-FST,Dining - Fast Food - Pizza,DIN-FST-PIZ
TXN_20241122_000010,PARKING LOT PUNE,52.62,USD,2025-03-19T20:31:36.964441,pos,"Phoenix, AZ",7523,Transportation,TRN,Transportation - Parking,TRN-PRK,Transportation - Parking - Fee,TRN-PRK-FEE
TXN_20241122_000916,STRIPE * GYM,200.0,AUD,2025-03-20T15:50:41.964441,pos,"San Antonio, TX",7997,Personal Care,PER,Personal Care - Gym,PER-GYM,Personal Care - Gym - Membership,PER-GYM-MEM
TXN_20241122_000755,AIRLINE DELHI,2000.0,USD,2025-03-20T17:54:21.964441,atm,"Los Angeles, CA",4511,Travel,TRV,Travel - International,TRV-INT,Travel - International - Flight,TRV-INT-FLT
TXN_20241122_000991,NONPROFIT #7856 8826,141.11,USD,2025-03-21T20:17:28.964441,atm,"Houston, TX",8398,Charitable,CHR,Charitable - Nonprofits,CHR-NPR,Charitable - Nonprofits - Contribution,CHR-NPR-CON
TXN_20241122_000118,TST* STARBUCKS 4733,60.4,EUR,2025-03-21T22:54:04.964441,mobile,"Philadelphia, PA",5814,Dining,DIN,Dining - Coffee Shops,DIN-COF,Dining - Coffee Shops - Starbucks,DIN-COF-STB
TXN_20241122_000745,CROMA * E5F20TNG 10699,72.76,USD,2025-03-23T18:52:26.964441,pos,"Pune, MH",5732,Shopping,SHP,Shopping - Retail,SHP-RET,Shopping - Retail - Electronics,SHP-RET-ELC
TXN_20241122_000812,VEHICLE MAINTENANCE #390,100.0,GBP,2025-03-24T14:11:46.964441,pos,"Phoenix, AZ",7538,Transportation,TRN,Transportation - Maintenance,TRN-MNT,Transportation - Maintenance - Service,TRN-MNT-SRV
TXN_20241122_000048,BOOKING #1843 46562,867.58,INR,2025-03-26T00:23:40.964441,mobile,"Mumbai, MH",7011,Travel,TRV,Travel - Accommodation,TRV-ACC,Travel - Accommodation - Hotel,TRV-ACC-HTL
TXN_20241122_000556,BLINKIT * 19JYQCH2 8783,126.33,USD,2025-03-26T20:45:55.964441,atm,"Los Angeles, CA",5411,Shopping,SHP,Shopping - Groceries,SHP-GRO,Shopping - Groceries - Online,SHP-GRO-ONL
TXN_20241122_000093,DIESEL 5019,74.01,GBP,2025-03-27T02:45:23.964441,pos,"Mumbai, MH",5541,Transportation,TRN,Transportation - Fuel,TRN-FUL,Transportation - Fuel - Diesel,TRN-FUL-DIE
TXN_20241122_000351,TST* UBER TRIP,170.47,USD,2025-03-27T09:04:46.964441,mobile,"Phoenix, AZ",4121,Travel,TRV,Travel - Local,TRV-LOC,Travel - Local - Uber,TRV-LOC-UBR
TXN_20241122_000516,NETFLIX SUBSCRIPTION NC #933,74.97,AUD,2025-03-27T18:47:15.964441,online,,4899,Entertainment,ENT,Entertainment - Streaming,ENT-STR,Entertainment - Streaming - Netflix,ENT-STR-NFX
TXN_20241122_000804,BOOKMYSHOW STORE,75.59,GBP,2025-03-28T12:54:41.964441,pos,"Los Angeles, CA",7922,Entertainment,ENT,Entertainment - Events,ENT-EVT,Entertainment - Events - Concerts,ENT-EVT-CON
TXN_20241122_000666,RESTAURANT ONLINE,54.35,INR,2025-03-28T18:38:44.964441,pos,"Phoenix, AZ",5812,Dining,DIN,Dining - Restaurants,DIN-RES,Dining - Restaurants - Fine Dining,DIN-RES-FIN
TXN_20241122_000127,SERVICE CHARGE WA,1711.25,EUR,2025-03-29T02:55:16.964441,pos,"Hyderabad, TG",6010,Financial Services,FIN,Financial Services - Banking,FIN-BNK,Financial Services - Banking - Fees,FIN-BNK-FEE
TXN_20241122_000216,MEDICAL INSURANCE #194 648180,420.36,GBP,2025-03-29T03:25:44.964441,online,,6300,Healthcare,HLT,Healthcare - Insurance,HLT-INS,Healthcare - Insurance - Premium,HLT-INS-PRM
TXN_20241122_000756,REPAIR #9262 7159,18.26,EUR,2025-03-29T09:41:21.964441,atm,"San Antonio, TX",7538,Transportation,TRN,Transportation - Maintenance,TRN-MNT,Transportation - Maintenance - Service,TRN-MNT-SRV
TXN_20241122_000421,METRO CARD * C5DNAP79,277.36,USD,2025-03-29T14:54:47.964441,mobile,"Hyderabad, TG",4111,Travel,TRV,Travel - Local,TRV-LOC,Travel - Local - Metro,TRV-LOC-MET
TXN_20241122_000881,BANK FEE #6229 048403,4496.3,USD,2025-03-29T16:59:09.964441,mobile,"Ahmedabad, GJ",6010,Financial Services,FIN,Financial Services - Banking,FIN-BNK,Financial Services - Banking - Fees,FIN-BNK-FEE
TXN_20241122_000560,AIRTEL STORE,130.4,INR,2025-03-29T21:17:45.964441,atm,"Bangalore, KA",4899,Utilities,UTL,Utilities - Internet,UTL-INT,Utilities - Internet - Broadband,UTL-INT-BRD
TXN_20241122_000684,STARBUCKS GA #4963 389,46.56,EUR,2025-03-30T05:25:25.964441,pos,"Hyderabad, TG",5814,Dining,DIN,Dining - Coffee Shops,DIN-COF,Dining - Coffee Shops - Starbucks,DIN-COF-STB
TXN_20241122_000969,DIESEL BANGALORE,100.0,USD,2025-03-30T13:48:48.964441,pos,"Mumbai, MH",5541,Transportation,TRN,Transportation - Fuel,TRN-FUL,Transportation - Fuel - Diesel,TRN-FUL-DIE
TXN_20241122_000862,CHARITY * S6QITW16,123.67,USD,2025-03-30T18:06:08.964441,pos,"Los Angeles, CA",8398,Charitable,CHR,Charitable - Donations,CHR-DON,Charitable - Donations - NGO,CHR-DON-NGO
TXN_20241122_000294,STRIPE * MUTUAL FUND,3220.98,USD,2025-03-30T23:45:40.964441,atm,"New York, NY",6211,Financial Services,FIN,Financial Services - Investment,FIN-INV,Financial Services - Investment - Trading,FIN-INV-TRD
TXN_20241122_000779,STRIPE * BLINKIT 4774,475.27,USD,2025-03-31T04:42:33.964441,mobile,"San Antonio, TX",5411,Shopping,SHP,Shopping - Groceries,SHP-GRO,Shopping - Groceries - Online,SHP-GRO-ONL
TXN_20241122_000512,STRIPE * COLLEGE FEE 8416,878.17,EUR,2025-03-31T12:37:16.964441,atm,"San Antonio, TX",8220,Education,EDU,Education - Tuition,EDU-TUI,Education - Tuition - College,EDU-TUI-COL
TXN_20241122_000984,PAYPAL * VISA,291.7,USD,2025-03-31T12:56:38.964441,pos,"Chicago, IL",9399,Travel,TRV,Travel - International,TRV-INT,Travel - International - Visa,TRV-INT-VIS
TXN_20241122_000774,DOMINOS * TGURPYKW 3745,150.0,USD,2025-03-31T15:34:23.964441,pos,"San Diego, CA",5814,Dining,DIN,Dining - Fast Food,DIN-FST,Dining - Fast Food - Pizza,DIN-FST-PIZ
TXN_20241122_000699,DIESEL BANGALORE 248,100.0,USD,2025-04-01T12:41:16.964441,online,Web Purchase,5541,Transportation,TRN,Transportation - Fuel,TRN-FUL,Transportation - Fuel - Diesel,TRN-FUL-DIE
TXN_20241122_000545,RESTAURANT GA,118.24,EUR,2025-04-01T15:53:12.964441,pos,"Los Angeles, CA",5812,Dining,DIN,Dining - Restaurants,DIN-RES,Dining - Restaurants - Fine Dining,DIN-RES-FIN
TXN_20241122_000655,CAFE,92.95,GBP,2025-04-02T10:54:32.964441,mobile,"Pune, MH",5812,Dining,DIN,Dining - Restaurants,DIN-RES,Dining - Restaurants - Casual,DIN-RES-CAS
TXN_20241122_000649,PRIME VIDEO ONLINE 658148,36.72,AUD,2025-04-02T13:41:35.964441,online,,4899,Entertainment,ENT,Entertainment - Streaming,ENT-STR,Entertainment - Streaming - Prime,ENT-STR-PRM
TXN_20241122_000381,EMI * 4HLVWQ7J 91611,826.83,EUR,2025-04-02T15:02:14.964441,online,,6513,Housing,HSG,Housing - Mortgage,HSG-MTG,Housing - Mortgage - EMI,HSG-MTG-EMI
TXN_20241122_000847,H&M * 427ODKPT 6824,500.0,INR,2025-04-02T17:05:38.964441,pos,"Los Angeles, CA",5651,Shopping,SHP,Shopping - Retail,SHP-RET,Shopping - Retail - Clothing,SHP-RET-CLO
TXN_20241122_000095,RENTAL PAYMENT CA #2808,1828.12,USD,2025-04-03T10:43:35.964441,atm,"Kolkata, WB",6513,Housing,HSG,Housing - Rent,HSG-RNT,Housing - Rent - Monthly,HSG-RNT-MNT
TXN_20241122_000614,MEDICAL INSURANCE,99.92,USD,2025-04-03T13:38:49.964441,atm,"San Diego, CA",6300,Healthcare,HLT,Healthcare - Insurance,HLT-INS,Healthcare - Insurance - Premium,HLT-INS-PRM
TXN_20241122_000427,ELECTRIC COMPANY ONLINE,288.04,EUR,2025-04-04T09:24:38.964441,pos,"San Diego, CA",4900,Utilities,UTL,Utilities - Electric,UTL-ELC,Utilities - Electric - Bill,UTL-ELC-BIL
TXN_20241122_000639,SQ * BOOKING,2000.0,GBP,2025-04-04T12:09:58.964441,mobile,"San Diego, CA",7011,Travel,TRV,Travel - Accommodation,TRV-ACC,Travel - Accommodation - Hotel,TRV-ACC-HTL
TXN_20241122_000065,PP* ZOMATO,48.4,EUR,2025-04-04T12:31:32.964441,online,,5814,Dining,DIN,Dining - Food Delivery,DIN-DEL,Dining - Food Delivery - Zomato,DIN-DEL-ZOM
TXN_20241122_000278,APOLLO PHARMACY #3106,118.01,GBP,2025-04-04T15:49:33.964441,mobile,"Pune, MH",5912,Healthcare,HLT,Healthcare - Pharmacy,HLT-PHR,Healthcare - Pharmacy - Medicine,HLT-PHR-MED
TXN_20241122_000973,PARKING FEE MUMBAI,30.54,USD,2025-04-05T15:36:43.964441,atm,"San Diego, CA",7523,Transportation,TRN,Transportation - Parking,TRN-PRK,Transportation - Parking - Fee,TRN-PRK-FEE
TXN_20241122_000462,CAFE IL,18.45,INR,2025-04-06T05:44:12.964441,pos,"San Diego, CA",5812,Dining,DIN,Dining - Restaurants,DIN-RES,Dining - Restaurants - Casual,DIN-RES-CAS
TXN_20241122_000277,TEXTBOOKS LLC 70876,2000.48,GBP,2025-04-06T10:21:50.964441,atm,"Mumbai, MH",5942,Education,EDU,Education - Books,EDU-BOK,Education - Books - Purchase,EDU-BOK-PUR
TXN_20241122_000225,ADOBE IL #1212,689.41,INR,2025-04-06T17:22:48.964441,atm,"Bangalore, KA",5734,Technology,TEC,Technology - Software,TEC-SFT,Technology - Software - License,TEC-SFT-LIC
TXN_20241122_000121,SQ * MEDICAL INSURANCE,125.25,USD,2025-04-06T17:39:06.964441,atm,"Ahmedabad, GJ",6300,Healthcare,HLT,Healthcare - Insurance,HLT-INS,Healthcare - Insurance - Premium,HLT-INS-PRM
TXN_20241122_000030,EMIRATES * THKRMNWI,2000.0,INR,2025-04-07T02:32:10.964441,mobile,"Philadelphia, PA",4511,Travel,TRV,Travel - International,TRV-INT,Travel - International - Flight,TRV-INT-FLT
TXN_20241122_000388,YOUTUBE PREMIUM * T7UY73VN,81.14,INR,2025-04-07T16:46:34.964441,online,,4899,Entertainment,ENT,Entertainment - Streaming,ENT-STR,Entertainment - Streaming - Other,ENT-STR-OTH
TXN_20241122_000430,TST* CINEPOLIS,41.19,EUR,2025-04-07T20:39:31.964441,mobile,"San Diego, CA",7832,Entertainment,ENT,Entertainment - Movies,ENT-MOV,Entertainment - Movies - Theater,ENT-MOV-THR
TXN_20241122_000051,BISTRO TX #9683,30.11,GBP,2025-04-08T02:13:30.964441,pos,"Hyderabad, TG",5812,Dining,DIN,Dining - Restaurants,DIN-RES,Dining - Restaurants - Casual,DIN-RES-CAS
TXN_20241122_000663,GYM MEMBERSHIP INC 486,30.88,USD,2025-04-08T09:00:13.964441,atm,"Los Angeles, CA",7997,Personal Care,PER,Personal Care - Gym,PER-GYM,Personal Care - Gym - Membership,PER-GYM-MEM
TXN_20241122_000538,SQ * SWIGGY FOOD,29.47,GBP,2025-04-08T09:15:21.964441,atm,"San Diego, CA",5814,Dining,DIN,Dining - Food Delivery,DIN-DEL,Dining - Food Delivery - Swiggy,DIN-DEL-SWG
TXN_20241122_000729,RENOVATION MA #9481,895.41,USD,2025-04-08T17:42:00.964441,mobile,"Delhi, DL",1520,Housing,HSG,Housing - Home Improvement,HSG-IMP,Housing - Home Improvement - Repair,HSG-IMP-REP
TXN_20241122_000588,DMART #4341,142.6,USD,2025-04-10T15:49:47.964441,atm,"Pune, MH",5411,Shopping,SHP,Shopping - Groceries,SHP-GRO,Shopping - Groceries - Supermarket,SHP-GRO-SUP
TXN_20241122_000039,ZOMATO LLC 29809,56.6,EUR,2025-04-10T17:22:16.964441,mobile,"Chicago, IL",5814,Dining,DIN,Dining - Food Delivery,DIN-DEL,Dining - Food Delivery - Zomato,DIN-DEL-ZOM
TXN_20241122_000088,BEST BUY #4105 81917,78.04,USD,2025-04-10T20:57:18.964441,online,,5732,Shopping,SHP,Shopping - Retail,SHP-RET,Shopping - Retail - Electronics,SHP-RET-ELC
TXN_20241122_000931,SQ * WALMART,55.08,USD,2025-04-11T11:32:43.964441,mobile,"Philadelphia, PA",5411,Shopping,SHP,Shopping - Groceries,SHP-GRO,Shopping - Groceries - Supermarket,SHP-GRO-SUP
TXN_20241122_000336,PARKING LOT #8125 610246,41.98,EUR,2025-04-11T12:19:39.964441,atm,"Delhi, DL",7523,Transportation,TRN,Transportation - Parking,TRN-PRK,Transportation - Parking - Fee,TRN-PRK-FEE
TXN_20241122_000907,AMAZON #9653 290991,494.27,USD,2025-04-11T16:01:09.964441,online,Online,5942,Shopping,SHP,Shopping - Online,SHP-ONL,Shopping - Online - Amazon,SHP-ONL-AMZ
TXN_20241122_000463,GYM MEMBERSHIP #1381,37.09,USD,2025-04-11T20:33:55.964441,atm,"Houston, TX",7997,Personal Care,PER,Personal Care - Gym,PER-GYM,Personal Care - Gym - Membership,PER-GYM-MEM
TXN_20241122_000379,TST* CAR SERVICE,54.97,USD,2025-04-12T00:17:20.964441,online,Web Purchase,7538,Transportation,TRN,Transportation - Maintenance,TRN-MNT,Transportation - Maintenance - Service,TRN-MNT-SRV
TXN_20241122_000177,PETROL,44.59,INR,2025-04-12T03:23:49.964441,pos,"Kolkata, WB",5541,Transportation,TRN,Transportation - Fuel,TRN-FUL,Transportation - Fuel - Petrol,TRN-FUL-PET
TXN_20241122_000496,SQ * PHONE 91527,476.48,USD,2025-04-12T19:34:48.964441,pos,"New York, NY",5732,Technology,TEC,Technology - Electronics,TEC-ELE,Technology - Electronics - Mobile,TEC-ELE-MOB
TXN_20241122_000069,DMART * I73C97QZ,153.26,INR,2025-04-13T00:12:00.964441,pos,"Houston, TX",5411,Shopping,SHP,Shopping - Groceries,SHP-GRO,Shopping - Groceries - Supermarket,SHP-GRO-SUP
TXN_20241122_000672,SQ * BURGER KING 484658,87.43,EUR,2025-04-13T01:59:00.964441,pos,"Houston, TX",5814,Dining,DIN,Dining - Fast Food,DIN-FST,Dining - Fast Food - Burgers,DIN-FST-BRG
TXN_20241122_000084,SQ * RELIANCE DIGITAL,273.32,USD,2025-04-14T10:05:03.964441,pos,"Delhi, DL",5732,Shopping,SHP,Shopping - Retail,SHP-RET,Shopping - Retail - Electronics,SHP-RET-ELC
TXN_20241122_000361,SWIGGY DELIVERY,39.3,USD,2025-04-14T17:17:18.964441,mobile,"Chennai, TN",5814,Dining,DIN,Dining - Food Delivery,DIN-DEL,Dining - Food Delivery - Swiggy,DIN-DEL-SWG
TXN_20241122_000811,STARBUCKS * Q61AE3P9,31.32,USD,2025-04-14T19:10:00.964441,mobile,"Ahmedabad, GJ",5814,Dining,DIN,Dining - Coffee Shops,DIN-COF,Dining - Coffee Shops - Starbucks,DIN-COF-STB
TXN_20241122_000026,TST* UBER TRIP,2000.0,USD,2025-04-14T19:38:55.964441,mobile,"Houston, TX",4121,Travel,TRV,Travel - Local,TRV-LOC,Travel - Local - Uber,TRV-LOC-UBR
TXN_20241122_000535,AMAZON MARKETPLACE ONLINE,101.06,GBP,2025-04-14T22:30:43.964441,online,,5942,Shopping,SHP,Shopping - Online,SHP-ONL,Shopping - Online - Amazon,SHP-ONL-AMZ
TXN_20241122_000949,SQ * INDIAN OIL,68.79,INR,2025-04-15T11:34:29.964441,pos,"Chicago, IL",5541,Transportation,TRN,Transportation - Fuel,TRN-FUL,Transportation - Fuel - Petrol,TRN-FUL-PET
TXN_20241122_000720,HOUSE RENT,2816.75,EUR,2025-04-15T16:19:16.964441,atm,"Philadelphia, PA",6513,Housing,HSG,Housing - Rent,HSG-RNT,Housing - Rent - Monthly,HSG-RNT-MNT
TXN_20241122_000340,SQ * UNIQLO 05664,500.0,INR,2025-04-16T02:57:06.964441,pos,"Chicago, IL",5651,Shopping,SHP,Shopping - Retail,SHP-RET,Shopping - Retail - Clothing,SHP-RET-CLO
TXN_20241122_000702,VEHICLE MAINTENANCE * AAW82CP4 40705,20.06,EUR,2025-04-16T13:47:56.964441,online,Online,7538,Transportation,TRN,Transportation - Maintenance,TRN-MNT,Transportation - Maintenance - Service,TRN-MNT-SRV
TXN_20241122_000853,PAPA JOHNS,87.01,USD,2025-04-17T19:21:36.964441,pos,"Houston, TX",5814,Dining,DIN,Dining - Fast Food,DIN-FST,Dining - Fast Food - Pizza,DIN-FST-PIZ
TXN_20241122_000913,INOX WA,19.85,INR,2025-04-17T22:46:30.964441,atm,"Philadelphia, PA",7832,Entertainment,ENT,Entertainment - Movies,ENT-MOV,Entertainment - Movies - Theater,ENT-MOV-THR
TXN_20241122_000908,HOTSTAR #203 660,82.95,USD,2025-04-19T07:53:55.964441,online,,4899,Entertainment,ENT,Entertainment - Streaming,ENT-STR,Entertainment - Streaming - Other,ENT-STR-OTH
TXN_20241122_000404,VISA FEE GA 863,123.59,AUD,2025-04-20T00:03:30.964441,pos,"Phoenix, AZ",9399,Travel,TRV,Travel - International,TRV-INT,Travel - International - Visa,TRV-INT-VIS
TXN_20241122_000709,TST* AMAZON MARKETPLACE,48.26,EUR,2025-04-20T04:07:21.964441,online,,5942,Shopping,SHP,Shopping - Online,SHP-ONL,Shopping - Online - Amazon,SHP-ONL-AMZ
TXN_20241122_000883,OFFICE SUPPLIES #3368,357.03,USD,2025-04-21T02:17:49.964441,mobile,"Los Angeles, CA",5943,Business Expenses,BUS,Business Expenses - Office,BUS-OFC,Business Expenses - Office - Supplies,BUS-OFC-SUP
TXN_20241122_000236,INDIAN OIL DELHI #7266,29.3,GBP,2025-04-21T05:35:33.964441,pos,"Phoenix, AZ",5541,Transportation,TRN,Transportation - Fuel,TRN-FUL,Transportation - Fuel - Petrol,TRN-FUL-PET
TXN_20241122_000577,BANK FEE #3125,2439.17,INR,2025-04-21T08:32:15.964441,pos,"Chennai, TN",6010,Financial Services,FIN,Financial Services - Banking,FIN-BNK,Financial Services - Banking - Fees,FIN-BNK-FEE
TXN_20241122_000014,PARKING LOT HYDERABAD #3387,50.98,EUR,2025-04-21T11:53:13.964441,pos,"Los Angeles, CA",7523,Transportation,TRN,Transportation - Parking,TRN-PRK,Transportation - Parking - Fee,TRN-PRK-FEE
TXN_20241122_000880,COMPUTER,1772.46,USD,2025-04-21T14:15:37.964441,mobile,"Hyderabad, TG",5732,Technology,TEC,Technology - Electronics,TEC-ELE,Technology - Electronics - Computer,TEC-ELE-CMP
TXN_20241122_000100,NETFLIX STORE 8547,200.0,USD,2025-04-21T20:24:07.964441,online,,4899,Entertainment,ENT,Entertainment - Streaming,ENT-STR,Entertainment - Streaming - Netflix,ENT-STR-NFX
TXN_20241122_000146,FLIPKART * SOZD7MOJ 696349,33.81,USD,2025-04-22T08:19:59.964441,online,Web Purchase,5942,Shopping,SHP,Shopping - Online,SHP-ONL,Shopping - Online - Flipkart,SHP-ONL-FLP
TXN_20241122_000504,ZARA NY #2583 548584,236.0,USD,2025-04-22T12:42:15.964441,pos,"Los Angeles, CA",5651,Shopping,SHP,Shopping - Retail,SHP-RET,Shopping - Retail - Clothing,SHP-RET-CLO
TXN_20241122_000508,DOCTOR NY 883,300.69,GBP,2025-04-22T14:01:26.964441,atm,"Pune, MH",8011,Healthcare,HLT,Healthcare - Hospital,HLT-HOS,Healthcare - Hospital - Consultation,HLT-HOS-CON
TXN_20241122_000493,CAFE COFFEE DAY INC 9917,47.95,USD,2025-04-22T15:36:32.964441,mobile,"San Diego, CA",5814,Dining,DIN,Dining - Coffee Shops,DIN-COF,Dining - Coffee Shops - Local,DIN-COF-LOC
TXN_20241122_000875,SOFTWARE NC #6903,225.61,INR,2025-04-22T18:28:33.964441,atm,"Philadelphia, PA",5734,Technology,TEC,Technology - Software,TEC-SFT,Technology - Software - License,TEC-SFT-LIC
TXN_20241122_000159,EMIRATES * 7X0JBGV1 017,265.66,USD,2025-04-23T11:32:50.964441,online,,4511,Travel,TRV,Travel - International,TRV-INT,Travel - International - Flight,TRV-INT-FLT
TXN_20241122_000433,FINE DINING LTD,22.37,EUR,2025-04-23T11:41:53.964441,pos,"Pune, MH",5812,Dining,DIN,Dining - Restaurants,DIN-RES,Dining - Restaurants - Fine Dining,DIN-RES-FIN
TXN_20241122_000017,CONCERT * TDBC2TCO,73.86,USD,2025-04-25T04:24:24.964441,mobile,"Phoenix, AZ",7922,Entertainment,ENT,Entertainment - Events,ENT-EVT,Entertainment - Events - Concerts,ENT-EVT-CON
TXN_20241122_000643,INDIGO STORE,420.72,GBP,2025-04-25T10:47:42.964441,mobile,"Mumbai, MH",4511,Travel,TRV,Travel - International,TRV-INT,Travel - International - Flight,TRV-INT-FLT
TXN_20241122_000125,BARISTA #6296 61864,54.36,USD,2025-04-25T19:37:08.964441,mobile,"New York, NY",5814,Dining,DIN,Dining - Coffee Shops,DIN-COF,Dining - Coffee Shops - Local,DIN-COF-LOC
TXN_20241122_000259,DMART * BNZC5KQG,70.51,USD,2025-04-25T23:02:05.964441,mobile,"Hyderabad, TG",5411,Shopping,SHP,Shopping - Groceries,SHP-GRO,Shopping - Groceries - Supermarket,SHP-GRO-SUP
TXN_20241122_000792,HEALTH INSURANCE LTD 58448,237.77,GBP,2025-04-26T01:53:48.964441,online,Internet,6300,Healthcare,HLT,Healthcare - Insurance,HLT-INS,Healthcare - Insurance - Premium,HLT-INS-PRM
TXN_20241122_000960,VISA FEE INC,910.39,USD,2025-04-26T04:55:00.964441,pos,"Kolkata, WB",9399,Travel,TRV,Travel - International,TRV-INT,Travel - International - Visa,TRV-INT-VIS
TXN_20241122_000106,PAPA JOHNS * L78UJ8YQ,31.0,EUR,2025-04-26T09:27:54.964441,pos,"San Antonio, TX",5814,Dining,DIN,Dining - Fast Food,DIN-FST,Dining - Fast Food - Pizza,DIN-FST-PIZ
TXN_20241122_000451,STATIONERY NC 684299,423.29,USD,2025-04-26T14:37:09.964441,pos,"Phoenix, AZ",5943,Business Expenses,BUS,Business Expenses - Office,BUS-OFC,Business Expenses - Office - Supplies,BUS-OFC-SUP
TXN_20241122_000246,INDIAN OIL,11.54,USD,2025-04-26T16:35:02.964441,pos,"Philadelphia, PA",5541,Transportation,TRN,Transportation - Fuel,TRN-FUL,Transportation - Fuel - Petrol,TRN-FUL-PET
TXN_20241122_000939,METRO RAIL,250.98,AUD,2025-04-27T12:51:19.964441,atm,"Hyderabad, TG",4111,Travel,TRV,Travel - Local,TRV-LOC,Travel - Local - Metro,TRV-LOC-MET
TXN_20241122_000301,HOTEL #833 607942,1783.34,INR,2025-04-27T21:53:23.964441,mobile,"Hyderabad, TG",7011,Travel,TRV,Travel - Accommodation,TRV-ACC,Travel - Accommodation - Hotel,TRV-ACC-HTL
TXN_20241122_000461,MISCELLANEOUS WA #6040 5955,53.57,USD,2025-04-28T12:35:10.964441,mobile,"Bangalore, KA",,Miscellaneous,MSC,Miscellaneous - Uncategorized,MSC-UNC,Miscellaneous - Uncategorized - Other,MSC-UNC-OTH
TXN_20241122_000986,BOOKSTORE * 5JZXSWBT,2348.98,EUR,2025-04-28T15:49:41.964441,atm,"Hyderabad, TG",5942,Education,EDU,Education - Books,EDU-BOK,Education - Books - Purchase,EDU-BOK-PUR
TXN_20241122_000019,RELIANCE DIGITAL ONLINE,102.11,USD,2025-04-29T04:24:01.964441,pos,"Ahmedabad, GJ",5732,Shopping,SHP,Shopping - Retail,SHP-RET,Shopping - Retail - Electronics,SHP-RET-ELC
TXN_20241122_000465,SQ * BP,64.36,EUR,2025-04-29T10:45:04.964441,pos,"Chicago, IL",5541,Transportation,TRN,Transportation - Fuel,TRN-FUL,Transportation - Fuel - Petrol,TRN-FUL-PET
TXN_20241122_000763,ZOMATO FOOD MA #5085,45.02,EUR,2025-04-29T13:02:05.964441,online,Internet,5814,Dining,DIN,Dining - Food Delivery,DIN-DEL,Dining - Food Delivery - Zomato,DIN-DEL-ZOM
TXN_20241122_000082,TST* RELIANCE DIGITAL,231.93,EUR,2025-04-29T18:58:14.964441,pos,"San Diego, CA",5732,Shopping,SHP,Shopping - Retail,SHP-RET,Shopping - Retail - Electronics,SHP-RET-ELC
TXN_20241122_000652,MOBILE DELHI 750030,712.04,USD,2025-04-29T20:28:32.964441,online,,5732,Technology,TEC,Technology - Electronics,TEC-ELE,Technology - Electronics - Mobile,TEC-ELE-MOB
TXN_20241122_000452,GYM MEMBERSHIP IL #5042 219526,36.39,EUR,2025-04-30T06:47:24.964441,pos,"Hyderabad, TG",7997,Personal Care,PER,Personal Care - Gym,PER-GYM,Personal Care - Gym - Membership,PER-GYM-MEM
TXN_20241122_000673,SQ * EMI,2460.58,USD,2025-04-30T10:00:42.964441,mobile,"Kolkata, WB",6513,Housing,HSG,Housing - Mortgage,HSG-MTG,Housing - Mortgage - EMI,HSG-MTG-EMI
TXN_20241122_000978,GYM MEMBERSHIP #9332,70.8,EUR,2025-04-30T10:21:32.964441,pos,"Kolkata, WB",7997,Personal Care,PER,Personal Care - Gym,PER-GYM,Personal Care - Gym - Membership,PER-GYM-MEM
TXN_20241122_000563,OYO * S0UBL4F3,500.98,GBP,2025-04-30T13:35:51.964441,online,,7011,Travel,TRV,Travel - Accommodation,TRV-ACC,Travel - Accommodation - Hotel,TRV-ACC-HTL
TXN_20241122_000732,CVS MA #5627 07764,198.66,USD,2025-04-30T15:09:21.964441,mobile,"Bangalore, KA",5912,Healthcare,HLT,Healthcare - Pharmacy,HLT-PHR,Healthcare - Pharmacy - Medicine,HLT-PHR-MED
TXN_20241122_000754,WATER BILL CA 2942,49.36,USD,2025-04-30T16:52:58.964441,mobile,"Houston, TX",4900,Utilities,UTL,Utilities - Water,UTL-WAT,Utilities - Water - Bill,UTL-WAT-BIL
TXN_20241122_000866,SUBWAY MUMBAI #1957,337.49,USD,2025-04-30T20:19:59.964441,mobile,"Houston, TX",4111,Travel,TRV,Travel - Local,TRV-LOC,Travel - Local - Metro,TRV-LOC-MET
TXN_20241122_000099,ZOMATO FOOD,22.08,INR,2025-05-01T00:15:49.964441,online,Online,5814,Dining,DIN,Dining - Food Delivery,DIN-DEL,Dining - Food Delivery - Zomato,DIN-DEL-ZOM
TXN_20241122_000833,AMAZON MARKETPLACE,43.29,EUR,2025-05-01T18:27:20.964441,online,,5942,Shopping,SHP,Shopping - Online,SHP-ONL,Shopping - Online - Amazon,SHP-ONL-AMZ
TXN_20241122_000528,VISA 46956,555.01,USD,2025-05-01T18:50:00.964441,atm,"Hyderabad, TG",9399,Travel,TRV,Travel - International,TRV-INT,Travel - International - Visa,TRV-INT-VIS
TXN_20241122_000274,METRO CARD * VVYAQ32G 39033,1273.52,EUR,2025-05-01T18:52:51.964441,pos,"Ahmedabad, GJ",4111,Travel,TRV,Travel - Local,TRV-LOC,Travel - Local - Metro,TRV-LOC-MET
TXN_20241122_000582,JIO FIBER * AJOFIOCX 16741,150.85,USD,2025-05-02T17:18:14.964441,pos,"Bangalore, KA",4899,Utilities,UTL,Utilities - Internet,UTL-INT,Utilities - Internet - Broadband,UTL-INT-BRD
TXN_20241122_000656,RAPIDO #1271 9183,2000.0,USD,2025-05-03T15:24:22.964441,online,Online,4121,Travel,TRV,Travel - Local,TRV-LOC,Travel - Local - Auto/Rickshaw,TRV-LOC-AUT
TXN_20241122_000764,HAIRCUT * U5EJTVRY,120.38,INR,2025-05-03T18:38:54.964441,mobile,"Kolkata, WB",7230,Personal Care,PER,Personal Care - Salon,PER-SAL,Personal Care - Salon - Haircut,PER-SAL-HAR
TXN_20241122_000740,STRIPE * FITNESS,66.06,USD,2025-05-03T20:22:32.964441,pos,"Chicago, IL",7997,Personal Care,PER,Personal Care - Gym,PER-GYM,Personal Care - Gym - Membership,PER-GYM-MEM
TXN_20241122_000669,DOCTOR PUNE,142.66,INR,2025-05-04T06:31:17.964441,pos,"Pune, MH",8011,Healthcare,HLT,Healthcare - Hospital,HLT-HOS,Healthcare - Hospital - Consultation,HLT-HOS-CON
TXN_20241122_000692,RENOVATION BANGALORE #789,2091.02,USD,2025-05-04T10:18:40.964441,atm,"Pune, MH",1520,Housing,HSG,Housing - Home Improvement,HSG-IMP,Housing - Home Improvement - Repair,HSG-IMP-REP
TXN_20241122_000743,SQ * AMAZON PRIME,14.7,EUR,2025-05-04T10:24:19.964441,online,,4899,Entertainment,ENT,Entertainment - Streaming,ENT-STR,Entertainment - Streaming - Prime,ENT-STR-PRM
TXN_20241122_000787,CLOTHING STORE,48.96,USD,2025-05-04T11:08:59.964441,pos,"Hyderabad, TG",5651,Shopping,SHP,Shopping - Retail,SHP-RET,Shopping - Retail - Clothing,SHP-RET-CLO
TXN_20241122_000726,CONCERT * 3YS4NBRR,42.5,USD,2025-05-04T14:41:39.964441,online,Internet,7922,Entertainment,ENT,Entertainment - Events,ENT-EVT,Entertainment - Events - Concerts,ENT-EVT-CON
TXN_20241122_000437,YOUTUBE PREMIUM VA #3793 552,97.22,USD,2025-05-04T15:55:47.964441,online,,4899,Entertainment,ENT,Entertainment - Streaming,ENT-STR,Entertainment - Streaming - Other,ENT-STR-OTH
TXN_20241122_000660,STATIONERY #5668 464453,296.72,EUR,2025-05-04T16:07:03.964441,atm,"Mumbai, MH",5943,Business Expenses,BUS,Business Expenses - Office,BUS-OFC,Business Expenses - Office - Supplies,BUS-OFC-SUP
TXN_20241122_000700,ZOMATO FOOD WA #4440,20.53,INR,2025-05-04T19:32:38.964441,pos,"Delhi, DL",5814,Dining,DIN,Dining - Food Delivery,DIN-DEL,Dining - Food Delivery - Zomato,DIN-DEL-ZOM
TXN_20241122_000352,SBUX,54.87,USD,2025-05-05T11:05:48.964441,online,Online,5814,Dining,DIN,Dining - Coffee Shops,DIN-COF,Dining - Coffee Shops - Starbucks,DIN-COF-STB
TXN_20241122_000158,OLA,548.94,GBP,2025-05-05T18:42:45.964441,atm,"Bangalore, KA",4121,Travel,TRV,Travel - Local,TRV-LOC,Travel - Local - Auto/Rickshaw,TRV-LOC-AUT
TXN_20241122_000295,TST* YOUTUBE PREMIUM 15244,65.26,EUR,2025-05-05T20:14:59.964441,online,Online,4899,Entertainment,ENT,Entertainment - Streaming,ENT-STR,Entertainment - Streaming - Other,ENT-STR-OTH
TXN_20241122_000378,RELIANCE DIGITAL #6195,355.23,USD,2025-05-06T12:06:41.964441,pos,"Chicago, IL",5732,Shopping,SHP,Shopping - Retail,SHP-RET,Shopping - Retail - Electronics,SHP-RET-ELC
TXN_20241122_000525,TST* DMART,342.04,USD,2025-05-07T09:47:34.964441,mobile,"Kolkata, WB",5411,Shopping,SHP,Shopping - Groceries,SHP-GRO,Shopping - Groceries - Supermarket,SHP-GRO-SUP
TXN_20241122_000683,BLINKIT * Y722SKUC,102.31,INR,2025-05-07T10:00:07.964441,atm,"Philadelphia, PA",5411,Shopping,SHP,Shopping - Groceries,SHP-GRO,Shopping - Groceries - Online,SHP-GRO-ONL
TXN_20241122_000993,STRIPE * DOCTOR 61476,78.85,INR,2025-05-08T18:13:38.964441,mobile,"Pune, MH",8011,Healthcare,HLT,Healthcare - Hospital,HLT-HOS,Healthcare - Hospital - Consultation,HLT-HOS-CON
TXN_20241122_000888,FLIPKART VA #1818,46.01,EUR,2025-05-08T19:25:12.964441,online,,5942,Shopping,SHP,Shopping - Online,SHP-ONL,Shopping - Online - Flipkart,SHP-ONL-FLP
TXN_20241122_000970,INSTACART IL #1194 101,79.15,USD,2025-05-09T18:19:35.964441,online,,5411,Shopping,SHP,Shopping - Groceries,SHP-GRO,Shopping - Groceries - Online,SHP-GRO-ONL
TXN_20241122_000844,RENT BANGALORE,2021.82,EUR,2025-05-10T12:45:44.964441,atm,"Kolkata, WB",6513,Housing,HSG,Housing - Rent,HSG-RNT,Housing - Rent - Monthly,HSG-RNT-MNT
TXN_20241122_000775,HAIRCUT MUMBAI 96522,38.41,EUR,2025-05-10T23:07:21.964441,pos,"Chicago, IL",7230,Personal Care,PER,Personal Care - Salon,PER-SAL,Personal Care - Salon - Haircut,PER-SAL-HAR
TXN_20241122_000541,REPAIR,31.39,EUR,2025-05-10T23:26:02.964441,pos,"Bangalore, KA",7538,Transportation,TRN,Transportation - Maintenance,TRN-MNT,Transportation - Maintenance - Service,TRN-MNT-SRV
TXN_20241122_000020,NONPROFIT * 5BS5SXJQ 824,152.0,INR,2025-05-11T05:48:58.964441,pos,"Phoenix, AZ",8398,Charitable,CHR,Charitable - Nonprofits,CHR-NPR,Charitable - Nonprofits - Contribution,CHR-NPR-CON
TXN_20241122_000401,LIVE MUSIC 17225,89.02,USD,2025-05-11T11:44:44.964441,mobile,"Chicago, IL",7922,Entertainment,ENT,Entertainment - Events,ENT-EVT,Entertainment - Events - Concerts,ENT-EVT-CON
TXN_20241122_000618,BARISTA  4941,26.4,INR,2025-05-12T09:05:45.964441,pos,"Chicago, IL",5814,Dining,DIN,Dining - Coffee Shops,DIN-COF,Dining - Coffee Shops - Local,DIN-COF-LOC
TXN_20241122_000869,PP* HOME REPAIR,816.89,EUR,2025-05-12T14:45:04.964441,atm,"Chicago, IL",1520,Housing,HSG,Housing - Home Improvement,HSG-IMP,Housing - Home Improvement - Repair,HSG-IMP-REP
TXN_20241122_000570,BARBER,117.35,USD,2025-05-13T18:27:33.964441,atm,"San Antonio, TX",7230,Personal Care,PER,Personal Care - Salon,PER-SAL,Personal Care - Salon - Haircut,PER-SAL-HAR
TXN_20241122_000189,BOOKSTORE DELHI #9011 343,2782.89,EUR,2025-05-14T18:14:24.964441,pos,"Phoenix, AZ",5942,Education,EDU,Education - Books,EDU-BOK,Education - Books - Purchase,EDU-BOK-PUR
TXN_20241122_000966,CROMA 784,45.96,EUR,2025-05-15T07:14:24.964441,pos,"New York, NY",5732,Shopping,SHP,Shopping - Retail,SHP-RET,Shopping - Retail - Electronics,SHP-RET-ELC
TXN_20241122_000004,RESTAURANT * 3Y4H6MAI,10.88,USD,2025-05-15T12:03:03.964441,pos,"Kolkata, WB",5812,Dining,DIN,Dining - Restaurants,DIN-RES,Dining - Restaurants - Fine Dining,DIN-RES-FIN
TXN_20241122_000135,BEST BUY #8376,65.84,USD,2025-05-15T15:21:18.964441,pos,"New York, NY",5732,Shopping,SHP,Shopping - Retail,SHP-RET,Shopping - Retail - Electronics,SHP-RET-ELC
TXN_20241122_000733,ELECTRIC COMPANY,93.56,EUR,2025-05-15T18:03:43.964441,mobile,"Bangalore, KA",4900,Utilities,UTL,Utilities - Electric,UTL-ELC,Utilities - Electric - Bill,UTL-ELC-BIL
TXN_20241122_000482,VFS GA,508.83,INR,2025-05-16T16:44:57.964441,online,,9399,Travel,TRV,Travel - International,TRV-INT,Travel - International - Visa,TRV-INT-VIS
TXN_20241122_000542,AUTO #7923,771.49,USD,2025-05-16T19:55:06.964441,mobile,"Bangalore, KA",4121,Travel,TRV,Travel - Local,TRV-LOC,Travel - Local - Auto/Rickshaw,TRV-LOC-AUT
TXN_20241122_000151,KFC #7428,75.41,EUR,2025-05-18T00:38:02.964441,pos,"San Antonio, TX",5814,Dining,DIN,Dining - Fast Food,DIN-FST,Dining - Fast Food - Burgers,DIN-FST-BRG
TXN_20241122_000562,INOX LTD 178,116.7,INR,2025-05-19T14:07:52.964441,atm,"Bangalore, KA",7832,Entertainment,ENT,Entertainment - Movies,ENT-MOV,Entertainment - Movies - Theater,ENT-MOV-THR
TXN_20241122_000964,ZEPTO * YP5GK2IK,169.16,EUR,2025-05-20T15:37:10.964441,mobile,"Houston, TX",5411,Shopping,SHP,Shopping - Groceries,SHP-GRO,Shopping - Groceries - Online,SHP-GRO-ONL
TXN_20241122_000624,SQ * CAR SERVICE,17.71,USD,2025-05-21T01:13:07.964441,pos,"San Diego, CA",7538,Transportation,TRN,Transportation - Maintenance,TRN-MNT,Transportation - Maintenance - Service,TRN-MNT-SRV
TXN_20241122_000133,NETFLIX LTD,200.0,USD,2025-05-21T09:51:38.964441,online,,4899,Entertainment,ENT,Entertainment - Streaming,ENT-STR,Entertainment - Streaming - Netflix,ENT-STR-NFX
TXN_20241122_000131,PAYPAL * CONCERT,117.74,USD,2025-05-21T11:29:33.964441,online,,7922,Entertainment,ENT,Entertainment - Events,ENT-EVT,Entertainment - Events - Concerts,ENT-EVT-CON
TXN_20241122_000043,FITNESS,105.47,USD,2025-05-21T15:03:12.964441,online,,7997,Personal Care,PER,Personal Care - Gym,PER-GYM,Personal Care - Gym - Membership,PER-GYM-MEM
TXN_20241122_000357,PRIME VIDEO BANGALORE #565 14126,10.93,AUD,2025-05-21T20:12:38.964441,online,Internet,4899,Entertainment,ENT,Entertainment - Streaming,ENT-STR,Entertainment - Streaming - Prime,ENT-STR-PRM
TXN_20241122_000338,KFC LLC,31.37,EUR,2025-05-23T01:14:16.964441,pos,"San Diego, CA",5814,Dining,DIN,Dining - Fast Food,DIN-FST,Dining - Fast Food - Burgers,DIN-FST-BRG
TXN_20241122_000480,TST* INSTACART,176.9,USD,2025-05-23T10:32:44.964441,mobile,"Kolkata, WB",5411,Shopping,SHP,Shopping - Groceries,SHP-GRO,Shopping - Groceries - Online,SHP-GRO-ONL
TXN_20241122_000623,HEALTH INSURANCE #7035,68.66,USD,2025-05-23T11:01:44.964441,atm,"Phoenix, AZ",6300,Healthcare,HLT,Healthcare - Insurance,HLT-INS,Healthcare - Insurance - Premium,HLT-INS-PRM
TXN_20241122_000584,SBUX LLC 140,28.67,USD,2025-05-23T18:47:44.964441,mobile,"Hyderabad, TG",5814,Dining,DIN,Dining - Coffee Shops,DIN-COF,Dining - Coffee Shops - Starbucks,DIN-COF-STB
TXN_20241122_000418,ELECTRIC COMPANY,54.12,USD,2025-05-24T07:49:47.964441,online,,4900,Utilities,UTL,Utilities - Electric,UTL-ELC,Utilities - Electric - Bill,UTL-ELC-BIL
TXN_20241122_000924,TARGET LTD,159.31,INR,2025-05-24T08:11:26.964441,atm,"Kolkata, WB",5411,Shopping,SHP,Shopping - Groceries,SHP-GRO,Shopping - Groceries - Supermarket,SHP-GRO-SUP
TXN_20241122_000363,PARKING FEE VA,5.56,EUR,2025-05-24T13:49:11.964441,mobile,"Chennai, TN",7523,Transportation,TRN,Transportation - Parking,TRN-PRK,Transportation - Parking - Fee,TRN-PRK-FEE
TXN_20241122_000345,COLLEGE FEE * 4LZ43ASP,3899.71,GBP,2025-05-24T18:09:43.964441,online,Web Purchase,8220,Education,EDU,Education - Tuition,EDU-TUI,Education - Tuition - College,EDU-TUI-COL
TXN_20241122_000441,SWIGGY FOOD * QLCB0L4F,83.44,USD,2025-05-24T21:32:22.964441,pos,"Houston, TX",5814,Dining,DIN,Dining - Food Delivery,DIN-DEL,Dining - Food Delivery - Swiggy,DIN-DEL-SWG
TXN_20241122_000965,JIO FIBER MA,66.58,USD,2025-05-25T15:23:39.964441,pos,"San Diego, CA",4899,Utilities,UTL,Utilities - Internet,UTL-INT,Utilities - Internet - Broadband,UTL-INT-BRD
TXN_20241122_000275,BEST BUY,149.07,INR,2025-05-25T17:38:47.964441,pos,"Delhi, DL",5732,Shopping,SHP,Shopping - Retail,SHP-RET,Shopping - Retail - Electronics,SHP-RET-ELC
TXN_20241122_000641,INOX * 1CG56O59,88.16,AUD,2025-05-26T04:37:36.964441,pos,"Chennai, TN",7832,Entertainment,ENT,Entertainment - Movies,ENT-MOV,Entertainment - Movies - Theater,ENT-MOV-THR
TXN_20241122_000218,MUTUAL FUND MA,5695.0,USD,2025-05-26T12:44:32.964441,atm,"Phoenix, AZ",6211,Financial Services,FIN,Financial Services - Investment,FIN-INV,Financial Services - Investment - Trading,FIN-INV-TRD
TXN_20241122_000982,PP* FLIPKART ONLINE,174.72,USD,2025-05-27T15:03:14.964441,online,,5942,Shopping,SHP,Shopping - Online,SHP-ONL,Shopping - Online - Flipkart,SHP-ONL-FLP
TXN_20241122_000801,PP* CONCERT 284729,66.08,USD,2025-05-28T09:22:00.964441,online,,7922,Entertainment,ENT,Entertainment - Events,ENT-EVT,Entertainment - Events - Concerts,ENT-EVT-CON
TXN_20241122_000712,SBUX,69.82,GBP,2025-05-28T09:22:13.964441,online,,5814,Dining,DIN,Dining - Coffee Shops,DIN-COF,Dining - Coffee Shops - Starbucks,DIN-COF-STB
TXN_20241122_000438,WATER WA #6343,214.42,INR,2025-05-28T11:51:33.964441,atm,"Chennai, TN",4900,Utilities,UTL,Utilities - Water,UTL-WAT,Utilities - Water - Bill,UTL-WAT-BIL
TXN_20241122_000000,SPOTIFY STORE,200.0,USD,2025-05-29T05:59:20.964441,online,Online,4899,Entertainment,ENT,Entertainment - Streaming,ENT-STR,Entertainment - Streaming - Other,ENT-STR-OTH
TXN_20241122_000435,DOCTOR MUMBAI #2605 539297,112.39,USD,2025-05-29T09:01:28.964441,atm,"Delhi, DL",8011,Healthcare,HLT,Healthcare - Hospital,HLT-HOS,Healthcare - Hospital - Consultation,HLT-HOS-CON
TXN_20241122_000015,ZEPTO * HBNZSK32,58.11,USD,2025-05-29T13:05:40.964441,online,,5411,Shopping,SHP,Shopping - Groceries,SHP-GRO,Shopping - Groceries - Online,SHP-GRO-ONL
TXN_20241122_000947,ZARA ONLINE 517929,113.55,USD,2025-05-29T18:14:00.964441,online,,5651,Shopping,SHP,Shopping - Retail,SHP-RET,Shopping - Retail - Clothing,SHP-RET-CLO
TXN_20241122_000842,SWIGGY FOOD 66230,84.25,USD,2025-05-30T10:00:12.964441,pos,"Kolkata, WB",5814,Dining,DIN,Dining - Food Delivery,DIN-DEL,Dining - Food Delivery - Swiggy,DIN-DEL-SWG
TXN_20241122_000609,PAYPAL * AMZN,232.48,USD,2025-05-30T16:38:43.964441,online,,5942,Shopping,SHP,Shopping - Online,SHP-ONL,Shopping - Online - Amazon,SHP-ONL-AMZ
TXN_20241122_000502,CINEPOLIS,200.0,USD,2025-05-31T11:39:29.964441,mobile,"New York, NY",7832,Entertainment,ENT,Entertainment - Movies,ENT-MOV,Entertainment - Movies - Theater,ENT-MOV-THR
TXN_20241122_000066,BARISTA ONLINE,150.0,INR,2025-05-31T19:45:01.964441,pos,"Mumbai, MH",5814,Dining,DIN,Dining - Coffee Shops,DIN-COF,Dining - Coffee Shops - Local,DIN-COF-LOC
TXN_20241122_000856,WATER #4066 066,25.83,INR,2025-06-01T08:51:47.964441,online,Web Purchase,4900,Utilities,UTL,Utilities - Water,UTL-WAT,Utilities - Water - Bill,UTL-WAT-BIL
TXN_20241122_000256,BOOKS #8079,4008.94,USD,2025-06-02T06:51:50.964441,pos,"San Antonio, TX",5942,Education,EDU,Education - Books,EDU-BOK,Education - Books - Purchase,EDU-BOK-PUR
TXN_20241122_000323,POSTPAID ONLINE,273.91,USD,2025-06-02T10:16:48.964441,atm,"Houston, TX",4814,Utilities,UTL,Utilities - Internet,UTL-INT,Utilities - Internet - Mobile,UTL-INT-MOB
TXN_20241122_000190,JIRA INC 8910,988.69,EUR,2025-06-02T18:46:28.964441,online,Internet,5734,Technology,TEC,Technology - Subscriptions,TEC-SUB,Technology - Subscriptions - Tools,TEC-SUB-TOL
TXN_20241122_000172,STATIONERY,192.63,EUR,2025-06-02T20:17:14.964441,mobile,"Phoenix, AZ",5943,Business Expenses,BUS,Business Expenses - Office,BUS-OFC,Business Expenses - Office - Supplies,BUS-OFC-SUP
TXN_20241122_000476,DOCTOR 110,407.61,GBP,2025-06-03T10:44:53.964441,mobile,"Hyderabad, TG",8011,Healthcare,HLT,Healthcare - Hospital,HLT-HOS,Healthcare - Hospital - Consultation,HLT-HOS-CON
TXN_20241122_000509,AIRWAYS HYDERABAD #2664,2000.0,GBP,2025-06-03T13:55:20.964441,atm,"Mumbai, MH",4511,Travel,TRV,Travel - International,TRV-INT,Travel - International - Flight,TRV-INT-FLT
TXN_20241122_000327,BOOKSTORE,2952.49,USD,2025-06-03T14:05:06.964441,online,Internet,5942,Education,EDU,Education - Books,EDU-BOK,Education - Books - Purchase,EDU-BOK-PUR
TXN_20241122_000589,AMAZON MARKETPLACE STORE,70.57,USD,2025-06-03T19:55:47.964441,online,,5942,Shopping,SHP,Shopping - Online,SHP-ONL,Shopping - Online - Amazon,SHP-ONL-AMZ
TXN_20241122_000917,SBUX NC,13.71,GBP,2025-06-05T13:08:18.964441,pos,"New York, NY",5814,Dining,DIN,Dining - Coffee Shops,DIN-COF,Dining - Coffee Shops - Starbucks,DIN-COF-STB
TXN_20241122_000728,MCDONALDS,53.63,AUD,2025-06-05T16:18:49.964441,pos,"Ahmedabad, GJ",5814,Dining,DIN,Dining - Fast Food,DIN-FST,Dining - Fast Food - Burgers,DIN-FST-BRG
TXN_20241122_000062,NONPROFIT * IQVGYS6U,62.25,USD,2025-06-05T16:26:55.964441,pos,"Los Angeles, CA",8398,Charitable,CHR,Charitable - Nonprofits,CHR-NPR,Charitable - Nonprofits - Contribution,CHR-NPR-CON
TXN_20241122_000858,SBUX ONLINE,145.01,EUR,2025-06-05T17:25:33.964441,mobile,"Bangalore, KA",5814,Dining,DIN,Dining - Coffee Shops,DIN-COF,Dining - Coffee Shops - Starbucks,DIN-COF-STB
TXN_20241122_000889,PAYPAL * STATIONERY,292.76,GBP,2025-06-05T20:45:46.964441,online,Internet,5943,Business Expenses,BUS,Business Expenses - Office,BUS-OFC,Business Expenses - Office - Supplies,BUS-OFC-SUP
TXN_20241122_000111,MASSAGE,89.19,USD,2025-06-06T13:31:27.964441,pos,"Phoenix, AZ",7298,Personal Care,PER,Personal Care - Wellness,PER-WEL,Personal Care - Wellness - Spa,PER-WEL-SPA
TXN_20241122_000266,ELECTRICITY LTD 8606,105.24,AUD,2025-06-06T18:42:52.964441,pos,"Bangalore, KA",4900,Utilities,UTL,Utilities - Electric,UTL-ELC,Utilities - Electric - Bill,UTL-ELC-BIL
TXN_20241122_000942,PETROL PUNE #5378,43.79,GBP,2025-06-07T02:52:59.964441,pos,"Mumbai, MH",5541,Transportation,TRN,Transportation - Fuel,TRN-FUL,Transportation - Fuel - Petrol,TRN-FUL-PET
TXN_20241122_000077,TST* ELECTRIC COMPANY,81.77,INR,2025-06-07T17:09:24.964441,atm,"Ahmedabad, GJ",4900,Utilities,UTL,Utilities - Electric,UTL-ELC,Utilities - Electric - Bill,UTL-ELC-BIL
TXN_20241122_000220,PP* AMAZON,185.09,EUR,2025-06-08T08:37:18.964441,online,,5942,Shopping,SHP,Shopping - Online,SHP-ONL,Shopping - Online - Amazon,SHP-ONL-AMZ
TXN_20241122_000555,TST* CONFLUENCE,391.48,USD,2025-06-08T17:27:08.964441,online,,5734,Technology,TEC,Technology - Subscriptions,TEC-SUB,Technology - Subscriptions - Tools,TEC-SUB-TOL
TXN_20241122_000169,BARISTA BANGALORE,46.62,EUR,2025-06-08T18:03:22.964441,mobile,"New York, NY",5814,Dining,DIN,Dining - Coffee Shops,DIN-COF,Dining - Coffee Shops - Local,DIN-COF-LOC
TXN_20241122_000539,SQ * PVR,88.99,USD,2025-06-09T13:38:06.964441,online,,7832,Entertainment,ENT,Entertainment - Movies,ENT-MOV,Entertainment - Movies - Theater,ENT-MOV-THR
TXN_20241122_000690,SQ * VFS,808.26,EUR,2025-06-10T14:33:57.964441,mobile,"San Antonio, TX",9399,Travel,TRV,Travel - International,TRV-INT,Travel - International - Visa,TRV-INT-VIS
TXN_20241122_000107,VISA FEE 878424,74.68,USD,2025-06-10T18:12:32.964441,atm,"Los Angeles, CA",9399,Travel,TRV,Travel - International,TRV-INT,Travel - International - Visa,TRV-INT-VIS
TXN_20241122_000554,PAYPAL * PREPAID 447307,176.58,USD,2025-06-11T20:12:01.964441,atm,"Ahmedabad, GJ",4814,Utilities,UTL,Utilities - Internet,UTL-INT,Utilities - Internet - Mobile,UTL-INT-MOB
TXN_20241122_000054,ZOMATO CA #5341,100.02,USD,2025-06-12T01:58:15.964441,mobile,"Kolkata, WB",5814,Dining,DIN,Dining - Food Delivery,DIN-DEL,Dining - Food Delivery - Zomato,DIN-DEL-ZOM
TXN_20241122_000685,SQ * INTERNET,51.15,USD,2025-06-12T12:55:10.964441,atm,"Chicago, IL",4899,Utilities,UTL,Utilities - Internet,UTL-INT,Utilities - Internet - Broadband,UTL-INT-BRD
TXN_20241122_000985,PARKING,23.85,USD,2025-06-12T13:06:19.964441,online,,7523,Transportation,TRN,Transportation - Parking,TRN-PRK,Transportation - Parking - Fee,TRN-PRK-FEE
TXN_20241122_000723,PIZZA HUT,27.93,USD,2025-06-12T13:55:11.964441,pos,"Phoenix, AZ",5814,Dining,DIN,Dining - Fast Food,DIN-FST,Dining - Fast Food - Pizza,DIN-FST-PIZ
TXN_20241122_000258,TST* NETFLIX,55.51,EUR,2025-06-13T09:04:34.964441,online,,4899,Entertainment,ENT,Entertainment - Streaming,ENT-STR,Entertainment - Streaming - Netflix,ENT-STR-NFX
TXN_20241122_000253,LIVE MUSIC MA #325 27157,200.0,EUR,2025-06-14T03:41:06.964441,atm,"Philadelphia, PA",7922,Entertainment,ENT,Entertainment - Events,ENT-EVT,Entertainment - Events - Concerts,ENT-EVT-CON
TXN_20241122_000185,SBUX TX,21.31,EUR,2025-06-14T06:39:00.964441,atm,"Houston, TX",5814,Dining,DIN,Dining - Coffee Shops,DIN-COF,Dining - Coffee Shops - Starbucks,DIN-COF-STB
TXN_20241122_000567,FLIPKART ONLINE TX 06130,385.31,USD,2025-06-14T11:44:10.964441,online,,5942,Shopping,SHP,Shopping - Online,SHP-ONL,Shopping - Online - Flipkart,SHP-ONL-FLP
TXN_20241122_000148,INSTACART * 30GB7FP5,455.58,USD,2025-06-15T02:22:57.964441,atm,"Kolkata, WB",5411,Shopping,SHP,Shopping - Groceries,SHP-GRO,Shopping - Groceries - Online,SHP-GRO-ONL
TXN_20241122_000887,STARBUCKS TX,18.22,INR,2025-06-15T08:11:17.964441,online,,5814,Dining,DIN,Dining - Coffee Shops,DIN-COF,Dining - Coffee Shops - Starbucks,DIN-COF-STB
TXN_20241122_000029,METRO RAIL #5888,179.87,USD,2025-06-15T14:07:07.964441,mobile,"Chicago, IL",4111,Travel,TRV,Travel - Local,TRV-LOC,Travel - Local - Metro,TRV-LOC-MET
TXN_20241122_000439,ZARA,403.84,USD,2025-06-15T18:25:49.964441,online,,5651,Shopping,SHP,Shopping - Retail,SHP-RET,Shopping - Retail - Clothing,SHP-RET-CLO
TXN_20241122_000494,ZOMATO #2001 3842,98.56,USD,2025-06-16T10:11:57.964441,online,,5814,Dining,DIN,Dining - Food Delivery,DIN-DEL,Dining - Food Delivery - Zomato,DIN-DEL-ZOM
TXN_20241122_000550,TUITION PUNE 04746,567.29,USD,2025-06-16T11:18:13.964441,online,,8211,Education,EDU,Education - Tuition,EDU-TUI,Education - Tuition - School,EDU-TUI-SCH
TXN_20241122_000569,RESTAURANT,26.13,USD,2025-06-16T18:16:08.964441,pos,"Los Angeles, CA",5812,Dining,DIN,Dining - Restaurants,DIN-RES,Dining - Restaurants - Fine Dining,DIN-RES-FIN
TXN_20241122_000141,LIFE INSURANCE #2175,2366.97,USD,2025-06-17T01:32:20.964441,pos,"Hyderabad, TG",6300,Financial Services,FIN,Financial Services - Insurance,FIN-INS,Financial Services - Insurance - Premium,FIN-INS-PRM
TXN_20241122_000625,SQ * ZOMATO FOOD,66.09,GBP,2025-06-17T10:52:02.964441,online,Web Purchase,5814,Dining,DIN,Dining - Food Delivery,DIN-DEL,Dining - Food Delivery - Zomato,DIN-DEL-ZOM
TXN_20241122_000094,CONTRIBUTION #6692,338.36,AUD,2025-06-17T17:12:46.964441,mobile,"Kolkata, WB",8398,Charitable,CHR,Charitable - Nonprofits,CHR-NPR,Charitable - Nonprofits - Contribution,CHR-NPR-CON
TXN_20241122_000230,SQ * CLOTHING STORE 517,253.43,EUR,2025-06-17T18:39:29.964441,online,,5651,Shopping,SHP,Shopping - Retail,SHP-RET,Shopping - Retail - Clothing,SHP-RET-CLO
TXN_20241122_000694,POWER BILL STORE,267.56,GBP,2025-06-17T19:08:04.964441,atm,"Delhi, DL",4900,Utilities,UTL,Utilities - Electric,UTL-ELC,Utilities - Electric - Bill,UTL-ELC-BIL
TXN_20241122_000346,PP* PARKING FEE,100.0,INR,2025-06-18T06:34:04.964441,pos,"New York, NY",7523,Transportation,TRN,Transportation - Parking,TRN-PRK,Transportation - Parking - Fee,TRN-PRK-FEE
TXN_20241122_000055,NETFLIX #6923 2917,124.98,USD,2025-06-18T10:08:28.964441,online,Online,4899,Entertainment,ENT,Entertainment - Streaming,ENT-STR,Entertainment - Streaming - Netflix,ENT-STR-NFX
TXN_20241122_000517,STRIPE * SHELL,21.69,EUR,2025-06-18T12:01:17.964441,pos,"Chicago, IL",5541,Transportation,TRN,Transportation - Fuel,TRN-FUL,Transportation - Fuel - Petrol,TRN-FUL-PET
TXN_20241122_000575,WALMART NY #3966,494.08,USD,2025-06-19T18:05:19.964441,mobile,"San Diego, CA",5411,Shopping,SHP,Shopping - Groceries,SHP-GRO,Shopping - Groceries - Supermarket,SHP-GRO-SUP
TXN_20241122_000920,SCHOOL HYDERABAD,1337.55,USD,2025-06-19T22:25:29.964441,pos,"Hyderabad, TG",8211,Education,EDU,Education - Tuition,EDU-TUI,Education - Tuition - School,EDU-TUI-SCH
TXN_20241122_000543,BISTRO #7885,49.12,INR,2025-06-19T23:34:32.964441,pos,"Houston, TX",5812,Dining,DIN,Dining - Restaurants,DIN-RES,Dining - Restaurants - Casual,DIN-RES-CAS
TXN_20241122_000738,SBUX,74.81,GBP,2025-06-20T13:26:11.964441,pos,"Bangalore, KA",5814,Dining,DIN,Dining - Coffee Shops,DIN-COF,Dining - Coffee Shops - Starbucks,DIN-COF-STB
TXN_20241122_000892,STRIPE * EATERY,67.36,USD,2025-06-20T15:26:45.964441,pos,"Chicago, IL",5812,Dining,DIN,Dining - Restaurants,DIN-RES,Dining - Restaurants - Casual,DIN-RES-CAS
TXN_20241122_000178,SQ * GITHUB,176.0,USD,2025-06-20T16:53:28.964441,online,Online,5734,Technology,TEC,Technology - Subscriptions,TEC-SUB,Technology - Subscriptions - Tools,TEC-SUB-TOL
TXN_20241122_000680,EMI * OY2MBWSS,1814.06,USD,2025-06-20T20:18:19.964441,online,,6513,Housing,HSG,Housing - Mortgage,HSG-MTG,Housing - Mortgage - EMI,HSG-MTG-EMI
TXN_20241122_000460,STATIONERY FL 264,157.1,EUR,2025-06-22T08:29:33.964441,mobile,"San Antonio, TX",5943,Business Expenses,BUS,Business Expenses - Office,BUS-OFC,Business Expenses - Office - Supplies,BUS-OFC-SUP
TXN_20241122_000591,ZARA STORE,312.17,EUR,2025-06-22T12:09:47.964441,pos,"San Antonio, TX",5651,Shopping,SHP,Shopping - Retail,SHP-RET,Shopping - Retail - Clothing,SHP-RET-CLO
TXN_20241122_000998,TST* COLLEGE,3166.74,INR,2025-06-23T08:01:33.964441,online,,8220,Education,EDU,Education - Tuition,EDU-TUI,Education - Tuition - College,EDU-TUI-COL
TXN_20241122_000491,TST* POSTPAID,94.26,INR,2025-06-23T15:50:51.964441,pos,"Kolkata, WB",4814,Utilities,UTL,Utilities - Internet,UTL-INT,Utilities - Internet - Mobile,UTL-INT-MOB
TXN_20241122_000886,PP* CLOTHING STORE,418.89,USD,2025-06-23T16:53:56.964441,pos,"San Diego, CA",5651,Shopping,SHP,Shopping - Retail,SHP-RET,Shopping - Retail - Clothing,SHP-RET-CLO
TXN_20241122_000921,SQ * STOCK 191648,2670.45,USD,2025-06-23T18:57:52.964441,online,,6211,Financial Services,FIN,Financial Services - Investment,FIN-INV,Financial Services - Investment - Trading,FIN-INV-TRD
TXN_20241122_000424,OFFICE SUPPLIES #2696 072538,124.9,INR,2025-06-24T10:57:50.964441,online,,5943,Business Expenses,BUS,Business Expenses - Office,BUS-OFC,Business Expenses - Office - Supplies,BUS-OFC-SUP
TXN_20241122_000405,SKILLSHARE 95623,947.3,USD,2025-06-24T16:24:37.964441,online,,8299,Education,EDU,Education - Courses,EDU-CRS,Education - Courses - Online,EDU-CRS-ONL
TXN_20241122_000058,DOCTOR STORE,339.03,EUR,2025-06-24T19:58:01.964441,online,,8011,Healthcare,HLT,Healthcare - Hospital,HLT-HOS,Healthcare - Hospital - Consultation,HLT-HOS-CON
TXN_20241122_000134,HOTSTAR 52235,106.1,USD,2025-06-25T02:18:30.964441,online,,4899,Entertainment,ENT,Entertainment - Streaming,ENT-STR,Entertainment - Streaming - Other,ENT-STR-OTH
TXN_20241122_000018,INDIGO * 212GMVY4,547.85,USD,2025-06-25T16:37:54.964441,online,,4511,Travel,TRV,Travel - International,TRV-INT,Travel - International - Flight,TRV-INT-FLT
TXN_20241122_000802,PRIME VIDEO IL 84430,110.89,EUR,2025-06-27T08:30:53.964441,online,Online,4899,Entertainment,ENT,Entertainment - Streaming,ENT-STR,Entertainment - Streaming - Prime,ENT-STR-PRM
TXN_20241122_000805,FUEL,30.5,USD,2025-06-27T09:24:43.964441,pos,"Chennai, TN",5541,Transportation,TRN,Transportation - Fuel,TRN-FUL,Transportation - Fuel - Diesel,TRN-FUL-DIE
TXN_20241122_000360,ZOMATO FOOD LLC,54.78,EUR,2025-06-27T16:01:43.964441,online,,5814,Dining,DIN,Dining - Food Delivery,DIN-DEL,Dining - Food Delivery - Zomato,DIN-DEL-ZOM
TXN_20241122_000447,PARKING FEE * POTA5EQH,35.14,USD,2025-06-27T17:43:31.964441,pos,"Los Angeles, CA",7523,Transportation,TRN,Transportation - Parking,TRN-PRK,Transportation - Parking - Fee,TRN-PRK-FEE
TXN_20241122_000406,DMART ONLINE,249.31,EUR,2025-06-27T20:02:09.964441,pos,"New York, NY",5411,Shopping,SHP,Shopping - Groceries,SHP-GRO,Shopping - Groceries - Supermarket,SHP-GRO-SUP
TXN_20241122_000994,FITNESS * OZEXL18A,28.98,GBP,2025-06-27T20:30:04.964441,pos,"Houston, TX",7997,Personal Care,PER,Personal Care - Gym,PER-GYM,Personal Care - Gym - Membership,PER-GYM-MEM
TXN_20241122_000861,BURGER KING * WN7YV1X1 8592,41.93,AUD,2025-06-28T00:36:44.964441,pos,"Chennai, TN",5814,Dining,DIN,Dining - Fast Food,DIN-FST,Dining - Fast Food - Burgers,DIN-FST-BRG
TXN_20241122_000067,LIVE MUSIC FL #5531,106.0,USD,2025-06-28T03:50:48.964441,pos,"Pune, MH",7922,Entertainment,ENT,Entertainment - Events,ENT-EVT,Entertainment - Events - Concerts,ENT-EVT-CON
TXN_20241122_000946,BANK FEE #4596,1163.54,EUR,2025-06-28T04:24:39.964441,pos,"New York, NY",6010,Financial Services,FIN,Financial Services - Banking,FIN-BNK,Financial Services - Banking - Fees,FIN-BNK-FEE
TXN_20241122_000785,OYO,267.92,USD,2025-06-29T02:28:47.964441,atm,"San Antonio, TX",7011,Travel,TRV,Travel - Accommodation,TRV-ACC,Travel - Accommodation - Hotel,TRV-ACC-HTL
TXN_20241122_000665,TST* MOBILE,727.01,GBP,2025-06-29T10:59:47.964441,online,,5732,Technology,TEC,Technology - Electronics,TEC-ELE,Technology - Electronics - Mobile,TEC-ELE-MOB
TXN_20241122_000604,PAPA JOHNS IL #9587 032,26.72,USD,2025-06-29T12:00:01.964441,pos,"San Diego, CA",5814,Dining,DIN,Dining - Fast Food,DIN-FST,Dining - Fast Food - Pizza,DIN-FST-PIZ
TXN_20241122_000373,SKILLSHARE * 3I02RW5Q,1777.4,INR,2025-06-29T14:11:25.964441,online,,8299,Education,EDU,Education - Courses,EDU-CRS,Education - Courses - Online,EDU-CRS-ONL
TXN_20241122_000904,INSURANCE #1846,2327.22,INR,2025-06-29T15:46:34.964441,atm,"Pune, MH",6300,Financial Services,FIN,Financial Services - Insurance,FIN-INS,Financial Services - Insurance - Premium,FIN-INS-PRM
TXN_20241122_000551,PAYPAL * ELECTRIC COMPANY 4861,87.4,EUR,2025-06-29T16:17:19.964441,mobile,"Ahmedabad, GJ",4900,Utilities,UTL,Utilities - Electric,UTL-ELC,Utilities - Electric - Bill,UTL-ELC-BIL
TXN_20241122_000634,SWIGGY DELIVERY LLC,16.08,EUR,2025-06-29T19:37:04.964441,online,,5814,Dining,DIN,Dining - Food Delivery,DIN-DEL,Dining - Food Delivery - Swiggy,DIN-DEL-SWG
TXN_20241122_000705,ZEPTO #9480 6046,73.56,EUR,2025-06-30T07:31:26.964441,mobile,"San Diego, CA",5411,Shopping,SHP,Shopping - Groceries,SHP-GRO,Shopping - Groceries - Online,SHP-GRO-ONL
TXN_20241122_000637,RESTAURANT NC,50.1,INR,2025-06-30T12:23:15.964441,online,,5812,Dining,DIN,Dining - Restaurants,DIN-RES,Dining - Restaurants - Fine Dining,DIN-RES-FIN
TXN_20241122_000456,ELECTRIC COMPANY * EVSV2DB8,300.0,EUR,2025-06-30T13:12:14.964441,online,Internet,4900,Utilities,UTL,Utilities - Electric,UTL-ELC,Utilities - Electric - Bill,UTL-ELC-BIL
TXN_20241122_000674,TST* SWIGGY FOOD,21.47,EUR,2025-06-30T14:01:05.964441,pos,"Philadelphia, PA",5814,Dining,DIN,Dining - Food Delivery,DIN-DEL,Dining - Food Delivery - Swiggy,DIN-DEL-SWG
TXN_20241122_000524,STRIPE * STARBUCKS,27.5,EUR,2025-06-30T20:12:37.964441,pos,"Kolkata, WB",5814,Dining,DIN,Dining - Coffee Shops,DIN-COF,Dining - Coffee Shops - Starbucks,DIN-COF-STB
TXN_20241122_000711,ZOMATO FOOD #7290,97.36,AUD,2025-07-01T19:36:16.964441,online,,5814,Dining,DIN,Dining - Food Delivery,DIN-DEL,Dining - Food Delivery - Zomato,DIN-DEL-ZOM
TXN_20241122_000710,CHARITY GA #3543,221.33,INR,2025-07-01T22:09:04.964441,atm,"Chicago, IL",8398,Charitable,CHR,Charitable - Donations,CHR-DON,Charitable - Donations - NGO,CHR-DON-NGO
TXN_20241122_000255,FUEL,28.27,EUR,2025-07-02T18:31:30.964441,mobile,"Mumbai, MH",5541,Transportation,TRN,Transportation - Fuel,TRN-FUL,Transportation - Fuel - Diesel,TRN-FUL-DIE
TXN_20241122_000872,SQ * RENTAL PAYMENT,1282.49,USD,2025-07-04T09:41:42.964441,mobile,"New York, NY",6513,Housing,HSG,Housing - Rent,HSG-RNT,Housing - Rent - Monthly,HSG-RNT-MNT
TXN_20241122_000999,PARKING LOT GA,18.79,AUD,2025-07-04T10:36:51.964441,pos,"Chennai, TN",7523,Transportation,TRN,Transportation - Parking,TRN-PRK,Transportation - Parking - Fee,TRN-PRK-FEE
TXN_20241122_000958,MCDONALDS NC,24.93,USD,2025-07-05T09:33:17.964441,pos,"Mumbai, MH",5814,Dining,DIN,Dining - Fast Food,DIN-FST,Dining - Fast Food - Burgers,DIN-FST-BRG
TXN_20241122_000426,AMZN 7119,500.0,USD,2025-07-05T18:18:11.964441,online,,5942,Shopping,SHP,Shopping - Online,SHP-ONL,Shopping - Online - Amazon,SHP-ONL-AMZ
TXN_20241122_000331,SPA * SEYLJL8D 1447,200.0,USD,2025-07-05T20:37:37.964441,online,,7298,Personal Care,PER,Personal Care - Wellness,PER-WEL,Personal Care - Wellness - Spa,PER-WEL-SPA
TXN_20241122_000773,GYM NC #6524,85.68,INR,2025-07-05T22:04:34.964441,mobile,"Los Angeles, CA",7997,Personal Care,PER,Personal Care - Gym,PER-GYM,Personal Care - Gym - Membership,PER-GYM-MEM
TXN_20241122_000194,PETROL DELHI #8839,52.51,USD,2025-07-06T00:56:21.964441,online,Internet,5541,Transportation,TRN,Transportation - Fuel,TRN-FUL,Transportation - Fuel - Petrol,TRN-FUL-PET
TXN_20241122_000083,SBUX #3751 488873,36.64,EUR,2025-07-06T17:46:52.964441,mobile,"Chennai, TN",5814,Dining,DIN,Dining - Coffee Shops,DIN-COF,Dining - Coffee Shops - Starbucks,DIN-COF-STB
TXN_20241122_000228,NETFLIX 62057,80.69,USD,2025-07-06T23:27:19.964441,online,Internet,4899,Entertainment,ENT,Entertainment - Streaming,ENT-STR,Entertainment - Streaming - Netflix,ENT-STR-NFX
TXN_20241122_000962,SWIGGY FOOD,63.5,USD,2025-07-07T00:31:57.964441,online,,5814,Dining,DIN,Dining - Food Delivery,DIN-DEL,Dining - Food Delivery - Swiggy,DIN-DEL-SWG
TXN_20241122_000511,WIFI * BO5SREVA 593,168.27,USD,2025-07-07T11:35:12.964441,mobile,"San Antonio, TX",4899,Utilities,UTL,Utilities - Internet,UTL-INT,Utilities - Internet - Broadband,UTL-INT-BRD
TXN_20241122_000112,PAYPAL * AMAZON,289.09,USD,2025-07-07T16:38:34.964441,online,,5942,Shopping,SHP,Shopping - Online,SHP-ONL,Shopping - Online - Amazon,SHP-ONL-AMZ
TXN_20241122_000677,DOMINOS DELHI 0933,150.0,USD,2025-07-08T10:09:15.964441,pos,"Bangalore, KA",5814,Dining,DIN,Dining - Fast Food,DIN-FST,Dining - Fast Food - Pizza,DIN-FST-PIZ
TXN_20241122_000644,BIGBASKET,147.21,USD,2025-07-08T12:55:30.964441,atm,"Chennai, TN",5411,Shopping,SHP,Shopping - Groceries,SHP-GRO,Shopping - Groceries - Supermarket,SHP-GRO-SUP
TXN_20241122_000389,MOBILE RECHARGE INC,150.85,INR,2025-07-08T19:20:22.964441,pos,"Phoenix, AZ",4814,Utilities,UTL,Utilities - Internet,UTL-INT,Utilities - Internet - Mobile,UTL-INT-MOB
TXN_20241122_000597,HEALTH INSURANCE STORE 31130,71.72,INR,2025-07-09T06:55:49.964441,online,Web Purchase,6300,Healthcare,HLT,Healthcare - Insurance,HLT-INS,Healthcare - Insurance - Premium,HLT-INS-PRM
TXN_20241122_000808,RESTAURANT LLC,25.12,EUR,2025-07-10T06:35:23.964441,pos,"Delhi, DL",5812,Dining,DIN,Dining - Restaurants,DIN-RES,Dining - Restaurants - Fine Dining,DIN-RES-FIN
TXN_20241122_000596,PROFESSIONAL SERVICES 65040,681.2,USD,2025-07-10T16:54:24.964441,mobile,"Mumbai, MH",8999,Business Expenses,BUS,Business Expenses - Services,BUS-SRV,Business Expenses - Services - Professional,BUS-SRV-PRO
TXN_20241122_000664,BP,27.25,USD,2025-07-10T19:09:35.964441,atm,"Pune, MH",5541,Transportation,TRN,Transportation - Fuel,TRN-FUL,Transportation - Fuel - Petrol,TRN-FUL-PET
TXN_20241122_000132,GOOGLE CLOUD LLC,1098.64,EUR,2025-07-11T03:42:09.964441,atm,"New York, NY",5734,Technology,TEC,Technology - Subscriptions,TEC-SUB,Technology - Subscriptions - Cloud,TEC-SUB-CLD
TXN_20241122_000155,GITHUB * TGGD9CHS,100.33,USD,2025-07-11T13:13:37.964441,online,,5734,Technology,TEC,Technology - Subscriptions,TEC-SUB,Technology - Subscriptions - Tools,TEC-SUB-TOL
TXN_20241122_000877,MEDPLUS * 8KGQ306N 559663,116.53,GBP,2025-07-12T00:36:54.964441,online,,5912,Healthcare,HLT,Healthcare - Pharmacy,HLT-PHR,Healthcare - Pharmacy - Medicine,HLT-PHR-MED
TXN_20241122_000181,UBER NC 223,526.16,USD,2025-07-12T08:19:42.964441,pos,"Bangalore, KA",4121,Travel,TRV,Travel - Local,TRV-LOC,Travel - Local - Uber,TRV-LOC-UBR
TXN_20241122_000040,SQ * STATIONERY 6730,735.17,EUR,2025-07-12T20:21:43.964441,pos,"Phoenix, AZ",5943,Business Expenses,BUS,Business Expenses - Office,BUS-OFC,Business Expenses - Office - Supplies,BUS-OFC-SUP
TXN_20241122_000909,ONLINE COURSE 732,2088.47,GBP,2025-07-12T22:26:47.964441,online,Internet,8299,Education,EDU,Education - Courses,EDU-CRS,Education - Courses - Online,EDU-CRS-ONL
TXN_20241122_000658,SWIGGY 2885,91.57,EUR,2025-07-13T10:33:10.964441,pos,"Chicago, IL",5814,Dining,DIN,Dining - Food Delivery,DIN-DEL,Dining - Food Delivery - Swiggy,DIN-DEL-SWG
TXN_20241122_000195,MISCELLANEOUS * 0S6W4T6Z,42.56,USD,2025-07-13T15:21:48.964441,atm,"Philadelphia, PA",,Miscellaneous,MSC,Miscellaneous - Uncategorized,MSC-UNC,Miscellaneous - Uncategorized - Other,MSC-UNC-OTH
TXN_20241122_000777,ZOMATO GA 797,102.97,INR,2025-07-13T21:42:03.964441,atm,"Delhi, DL",5814,Dining,DIN,Dining - Food Delivery,DIN-DEL,Dining - Food Delivery - Zomato,DIN-DEL-ZOM
TXN_20241122_000929,CAFE #8552 5683,150.0,USD,2025-07-14T03:54:01.964441,pos,"San Antonio, TX",5812,Dining,DIN,Dining - Restaurants,DIN-RES,Dining - Restaurants - Casual,DIN-RES-CAS
TXN_20241122_000553,NONPROFIT * VCVR5NLN,251.35,USD,2025-07-14T09:34:46.964441,atm,"Chicago, IL",8398,Charitable,CHR,Charitable - Nonprofits,CHR-NPR,Charitable - Nonprofits - Contribution,CHR-NPR-CON
TXN_20241122_000520,DOMINOS 90363,26.68,USD,2025-07-14T09:45:37.964441,pos,"Phoenix, AZ",5814,Dining,DIN,Dining - Fast Food,DIN-FST,Dining - Fast Food - Pizza,DIN-FST-PIZ
TXN_20241122_000882,PARKING,75.49,EUR,2025-07-14T14:32:27.964441,atm,"Kolkata, WB",7523,Transportation,TRN,Transportation - Parking,TRN-PRK,Transportation - Parking - Fee,TRN-PRK-FEE
TXN_20241122_000371,VFS * LOQMT72R,242.34,INR,2025-07-15T10:29:56.964441,online,,9399,Travel,TRV,Travel - International,TRV-INT,Travel - International - Visa,TRV-INT-VIS
TXN_20241122_000368,PP* FLIPKART,281.96,USD,2025-07-15T21:34:20.964441,online,,5942,Shopping,SHP,Shopping - Online,SHP-ONL,Shopping - Online - Flipkart,SHP-ONL-FLP
TXN_20241122_000501,TST* GAS STATION,16.9,INR,2025-07-16T10:54:52.964441,pos,"Chennai, TN",5541,Transportation,TRN,Transportation - Fuel,TRN-FUL,Transportation - Fuel - Petrol,TRN-FUL-PET
TXN_20241122_000410,SWIGGY FOOD TX,59.21,USD,2025-07-16T15:37:11.964441,atm,"New York, NY",5814,Dining,DIN,Dining - Food Delivery,DIN-DEL,Dining - Food Delivery - Swiggy,DIN-DEL-SWG
TXN_20241122_000068,BANK FEE,6929.53,GBP,2025-07-17T09:04:51.964441,pos,"Philadelphia, PA",6010,Financial Services,FIN,Financial Services - Banking,FIN-BNK,Financial Services - Banking - Fees,FIN-BNK-FEE
TXN_20241122_000651,SWIGGY LLC 592449,130.17,INR,2025-07-17T12:16:22.964441,online,,5814,Dining,DIN,Dining - Food Delivery,DIN-DEL,Dining - Food Delivery - Swiggy,DIN-DEL-SWG
TXN_20241122_000768,SBUX TX #9886,82.88,GBP,2025-07-17T13:51:46.964441,online,,5814,Dining,DIN,Dining - Coffee Shops,DIN-COF,Dining - Coffee Shops - Starbucks,DIN-COF-STB
TXN_20241122_000691,WELLNESS,94.13,AUD,2025-07-17T19:48:27.964441,online,,7298,Personal Care,PER,Personal Care - Wellness,PER-WEL,Personal Care - Wellness - Spa,PER-WEL-SPA
TXN_20241122_000706,PROFESSIONAL SERVICES #6980 44062,1000.0,USD,2025-07-18T15:57:42.964441,mobile,"Chicago, IL",8999,Business Expenses,BUS,Business Expenses - Services,BUS-SRV,Business Expenses - Services - Professional,BUS-SRV-PRO
TXN_20241122_000070,EATERY DELHI,42.97,INR,2025-07-18T17:45:48.964441,pos,"Chicago, IL",5812,Dining,DIN,Dining - Restaurants,DIN-RES,Dining - Restaurants - Casual,DIN-RES-CAS
TXN_20241122_000318,ELECTRIC COMPANY * PBY6L5G6,26.38,GBP,2025-07-18T18:03:11.964441,atm,"Chennai, TN",4900,Utilities,UTL,Utilities - Electric,UTL-ELC,Utilities - Electric - Bill,UTL-ELC-BIL
TXN_20241122_000455,RESTAURANT GA #5792 8556,150.0,USD,2025-07-19T02:49:19.964441,online,,5812,Dining,DIN,Dining - Restaurants,DIN-RES,Dining - Restaurants - Fine Dining,DIN-RES-FIN
TXN_20241122_000045,TST* AIRTEL 547902,153.12,AUD,2025-07-19T05:50:48.964441,mobile,"Hyderabad, TG",4899,Utilities,UTL,Utilities - Internet,UTL-INT,Utilities - Internet - Broadband,UTL-INT-BRD
TXN_20241122_000290,ONLINE COURSE DELHI 2553,2305.73,EUR,2025-07-19T11:22:41.964441,online,Online,8299,Education,EDU,Education - Courses,EDU-CRS,Education - Courses - Online,EDU-CRS-ONL
TXN_20241122_000534,BEST BUY NC,373.23,USD,2025-07-19T19:10:59.964441,pos,"Hyderabad, TG",5732,Shopping,SHP,Shopping - Retail,SHP-RET,Shopping - Retail - Electronics,SHP-RET-ELC
TXN_20241122_000771,PIZZA HUT,56.29,USD,2025-07-19T20:51:00.964441,online,Online,5814,Dining,DIN,Dining - Fast Food,DIN-FST,Dining - Fast Food - Pizza,DIN-FST-PIZ
TXN_20241122_000885,NETFLIX SUBSCRIPTION,83.85,EUR,2025-07-19T23:48:56.964441,online,,4899,Entertainment,ENT,Entertainment - Streaming,ENT-STR,Entertainment - Streaming - Netflix,ENT-STR-NFX
TXN_20241122_000171,PAYPAL * AIR INDIA,897.39,USD,2025-07-20T03:43:59.964441,atm,"Houston, TX",4511,Travel,TRV,Travel - International,TRV-INT,Travel - International - Flight,TRV-INT-FLT
TXN_20241122_000854,BARBER LLC 015,13.2,USD,2025-07-20T11:46:39.964441,online,,7230,Personal Care,PER,Personal Care - Salon,PER-SAL,Personal Care - Salon - Haircut,PER-SAL-HAR
TXN_20241122_000320,PAYPAL * RAPIDO,226.64,USD,2025-07-20T16:56:09.964441,pos,"San Diego, CA",4121,Travel,TRV,Travel - Local,TRV-LOC,Travel - Local - Auto/Rickshaw,TRV-LOC-AUT
TXN_20241122_000873,AIRWAYS * 0MN4HL4F 05141,800.16,EUR,2025-07-20T17:55:32.964441,online,,4511,Travel,TRV,Travel - International,TRV-INT,Travel - International - Flight,TRV-INT-FLT
TXN_20241122_000207,TST* FINE DINING,126.45,AUD,2025-07-20T19:49:47.964441,pos,"San Antonio, TX",5812,Dining,DIN,Dining - Restaurants,DIN-RES,Dining - Restaurants - Fine Dining,DIN-RES-FIN
TXN_20241122_000416,AUTO INC,231.82,EUR,2025-07-21T09:00:35.964441,atm,"Ahmedabad, GJ",4121,Travel,TRV,Travel - Local,TRV-LOC,Travel - Local - Auto/Rickshaw,TRV-LOC-AUT
TXN_20241122_000894,GYM HYDERABAD #5578,200.0,AUD,2025-07-21T15:25:37.964441,mobile,"Bangalore, KA",7997,Personal Care,PER,Personal Care - Gym,PER-GYM,Personal Care - Gym - Membership,PER-GYM-MEM
TXN_20241122_000245,AIR INDIA #7346,274.43,USD,2025-07-21T19:40:30.964441,pos,"Chennai, TN",4511,Travel,TRV,Travel - International,TRV-INT,Travel - International - Flight,TRV-INT-FLT
TXN_20241122_000581,FUEL #5661,16.77,USD,2025-07-22T02:46:59.964441,pos,"Philadelphia, PA",5541,Transportation,TRN,Transportation - Fuel,TRN-FUL,Transportation - Fuel - Diesel,TRN-FUL-DIE
TXN_20241122_000675,MCDONALDS,27.95,GBP,2025-07-22T18:21:02.964441,pos,"Delhi, DL",5814,Dining,DIN,Dining - Fast Food,DIN-FST,Dining - Fast Food - Burgers,DIN-FST-BRG
TXN_20241122_000129,TEXTBOOKS * 84OAUP28 25695,858.38,EUR,2025-07-22T20:34:25.964441,pos,"Ahmedabad, GJ",5942,Education,EDU,Education - Books,EDU-BOK,Education - Books - Purchase,EDU-BOK-PUR
TXN_20241122_000243,SQ * CONTRACTOR 484393,785.1,EUR,2025-07-22T20:44:47.964441,atm,"Los Angeles, CA",1520,Housing,HSG,Housing - Home Improvement,HSG-IMP,Housing - Home Improvement - Repair,HSG-IMP-REP
TXN_20241122_000925,RENT,2799.61,GBP,2025-07-23T01:09:44.964441,mobile,"Los Angeles, CA",6513,Housing,HSG,Housing - Rent,HSG-RNT,Housing - Rent - Monthly,HSG-RNT-MNT
TXN_20241122_000222,PP* BEST BUY,216.88,AUD,2025-07-23T13:17:05.964441,pos,"Pune, MH",5732,Shopping,SHP,Shopping - Retail,SHP-RET,Shopping - Retail - Electronics,SHP-RET-ELC
TXN_20241122_000795,FLIPKART ONLINE NY #7065,500.0,USD,2025-07-23T13:25:14.964441,online,Online,5942,Shopping,SHP,Shopping - Online,SHP-ONL,Shopping - Online - Flipkart,SHP-ONL-FLP
TXN_20241122_000229,DIESEL VA,100.0,INR,2025-07-23T13:49:20.964441,pos,"San Antonio, TX",5541,Transportation,TRN,Transportation - Fuel,TRN-FUL,Transportation - Fuel - Diesel,TRN-FUL-DIE
TXN_20241122_000126,H&M INC 206,256.13,GBP,2025-07-24T09:38:56.964441,pos,"San Diego, CA",5651,Shopping,SHP,Shopping - Retail,SHP-RET,Shopping - Retail - Clothing,SHP-RET-CLO
TXN_20241122_000533,INSTACART  717,388.32,USD,2025-07-24T10:37:40.964441,atm,"Philadelphia, PA",5411,Shopping,SHP,Shopping - Groceries,SHP-GRO,Shopping - Groceries - Online,SHP-GRO-ONL
TXN_20241122_000770,WATER BILL INC 1221,55.5,USD,2025-07-24T12:01:07.964441,mobile,"Delhi, DL",4900,Utilities,UTL,Utilities - Water,UTL-WAT,Utilities - Water - Bill,UTL-WAT-BIL
TXN_20241122_000154,H&M MA #6311,204.99,USD,2025-07-24T14:05:52.964441,pos,"Chicago, IL",5651,Shopping,SHP,Shopping - Retail,SHP-RET,Shopping - Retail - Clothing,SHP-RET-CLO
TXN_20241122_000940,SWIGGY PUNE #8576,60.84,EUR,2025-07-24T15:25:03.964441,pos,"New York, NY",5814,Dining,DIN,Dining - Food Delivery,DIN-DEL,Dining - Food Delivery - Swiggy,DIN-DEL-SWG
TXN_20241122_000347,SPOTIFY #937 6734,36.88,USD,2025-07-24T17:58:59.964441,online,Web Purchase,4899,Entertainment,ENT,Entertainment - Streaming,ENT-STR,Entertainment - Streaming - Other,ENT-STR-OTH
TXN_20241122_000022,RAPIDO,73.75,USD,2025-07-25T12:08:32.964441,online,,4121,Travel,TRV,Travel - Local,TRV-LOC,Travel - Local - Auto/Rickshaw,TRV-LOC-AUT
TXN_20241122_000454,NETFLIX SUBSCRIPTION DELHI 39594,59.41,INR,2025-07-25T15:51:22.964441,online,,4899,Entertainment,ENT,Entertainment - Streaming,ENT-STR,Entertainment - Streaming - Netflix,ENT-STR-NFX
TXN_20241122_000232,KFC INC,26.35,AUD,2025-07-26T01:06:49.964441,pos,"Delhi, DL",5814,Dining,DIN,Dining - Fast Food,DIN-FST,Dining - Fast Food - Burgers,DIN-FST-BRG
TXN_20241122_000208,BARBER WA #3890,52.64,USD,2025-07-27T03:56:33.964441,mobile,"Ahmedabad, GJ",7230,Personal Care,PER,Personal Care - Salon,PER-SAL,Personal Care - Salon - Haircut,PER-SAL-HAR
TXN_20241122_000750,CLINIC GA #6401 209783,500.0,USD,2025-07-27T05:34:23.964441,mobile,"Pune, MH",8011,Healthcare,HLT,Healthcare - Hospital,HLT-HOS,Healthcare - Hospital - Consultation,HLT-HOS-CON
TXN_20241122_000164,TST* NETFLIX SUBSCRIPTION,200.0,INR,2025-07-27T07:50:39.964441,online,,4899,Entertainment,ENT,Entertainment - Streaming,ENT-STR,Entertainment - Streaming - Netflix,ENT-STR-NFX
TXN_20241122_000952,WATER #8091,290.26,GBP,2025-07-27T19:31:14.964441,mobile,"Ahmedabad, GJ",4900,Utilities,UTL,Utilities - Water,UTL-WAT,Utilities - Water - Bill,UTL-WAT-BIL
TXN_20241122_000092,ZOMATO FOOD CA,17.64,INR,2025-07-28T16:31:08.964441,atm,"Chennai, TN",5814,Dining,DIN,Dining - Food Delivery,DIN-DEL,Dining - Food Delivery - Zomato,DIN-DEL-ZOM
TXN_20241122_000464,TST* BURGER KING,45.43,AUD,2025-07-29T12:58:24.964441,pos,"Delhi, DL",5814,Dining,DIN,Dining - Fast Food,DIN-FST,Dining - Fast Food - Burgers,DIN-FST-BRG
TXN_20241122_000081,PARKING * GWRR9OJK 328329,13.16,INR,2025-07-29T15:10:22.964441,pos,"New York, NY",7523,Transportation,TRN,Transportation - Parking,TRN-PRK,Transportation - Parking - Fee,TRN-PRK-FEE
TXN_20241122_000708,SBUX,150.0,INR,2025-07-29T15:38:09.964441,online,,5814,Dining,DIN,Dining - Coffee Shops,DIN-COF,Dining - Coffee Shops - Starbucks,DIN-COF-STB
TXN_20241122_000298,NETFLIX SUBSCRIPTION HYDERABAD,49.78,INR,2025-07-29T18:01:10.964441,online,,4899,Entertainment,ENT,Entertainment - Streaming,ENT-STR,Entertainment - Streaming - Netflix,ENT-STR-NFX
TXN_20241122_000748,DOCTOR PUNE #595 029279,213.42,EUR,2025-07-30T10:52:01.964441,online,,8011,Healthcare,HLT,Healthcare - Hospital,HLT-HOS,Healthcare - Hospital - Consultation,HLT-HOS-CON
TXN_20241122_000145,MEDPLUS DELHI #8558 89655,257.2,EUR,2025-07-30T12:29:12.964441,atm,"Philadelphia, PA",5912,Healthcare,HLT,Healthcare - Pharmacy,HLT-PHR,Healthcare - Pharmacy - Medicine,HLT-PHR-MED
TXN_20241122_000108,SQ * SPA,98.7,USD,2025-07-30T13:54:46.964441,online,Online,7298,Personal Care,PER,Personal Care - Wellness,PER-WEL,Personal Care - Wellness - Spa,PER-WEL-SPA
TXN_20241122_000506,UNIVERSITY STORE 566998,4137.68,USD,2025-07-30T19:25:56.964441,mobile,"Houston, TX",8220,Education,EDU,Education - Tuition,EDU-TUI,Education - Tuition - College,EDU-TUI-COL
TXN_20241122_000052,SWIGGY DELIVERY INC,35.89,GBP,2025-07-31T10:21:05.964441,online,,5814,Dining,DIN,Dining - Food Delivery,DIN-DEL,Dining - Food Delivery - Swiggy,DIN-DEL-SWG
TXN_20241122_000445,BARISTA IL #3561 721257,16.9,EUR,2025-07-31T16:33:35.964441,pos,"Pune, MH",5814,Dining,DIN,Dining - Coffee Shops,DIN-COF,Dining - Coffee Shops - Local,DIN-COF-LOC
TXN_20241122_000209,CLOTHING STORE MUMBAI #7074 11845,307.86,GBP,2025-08-01T12:49:21.964441,pos,"Chennai, TN",5651,Shopping,SHP,Shopping - Retail,SHP-RET,Shopping - Retail - Clothing,SHP-RET-CLO
TXN_20241122_000557,VISA 548,447.72,USD,2025-08-01T17:20:03.964441,pos,"Los Angeles, CA",9399,Travel,TRV,Travel - International,TRV-INT,Travel - International - Visa,TRV-INT-VIS
TXN_20241122_000063,SWIGGY FOOD WA,150.0,USD,2025-08-01T21:16:54.964441,online,,5814,Dining,DIN,Dining - Food Delivery,DIN-DEL,Dining - Food Delivery - Swiggy,DIN-DEL-SWG
TXN_20241122_000613,REPAIR #3351,19.48,USD,2025-08-02T14:36:56.964441,mobile,"Houston, TX",7538,Transportation,TRN,Transportation - Maintenance,TRN-MNT,Transportation - Maintenance - Service,TRN-MNT-SRV
TXN_20241122_000394,COURSERA,750.28,EUR,2025-08-03T09:14:32.964441,online,,8299,Education,EDU,Education - Courses,EDU-CRS,Education - Courses - Online,EDU-CRS-ONL
TXN_20241122_000622,INSTACART * L3UT96PO,210.22,USD,2025-08-03T09:22:25.964441,online,,5411,Shopping,SHP,Shopping - Groceries,SHP-GRO,Shopping - Groceries - Online,SHP-GRO-ONL
TXN_20241122_000265,PETROL * O7U4VP93 8390,100.0,USD,2025-08-03T13:39:40.964441,pos,"Chennai, TN",5541,Transportation,TRN,Transportation - Fuel,TRN-FUL,Transportation - Fuel - Petrol,TRN-FUL-PET
TXN_20241122_000905,KFC,62.2,USD,2025-08-03T15:57:54.964441,pos,"Delhi, DL",5814,Dining,DIN,Dining - Fast Food,DIN-FST,Dining - Fast Food - Burgers,DIN-FST-BRG
TXN_20241122_000075,UBER TECHNOLOGIES #9933,656.15,USD,2025-08-03T16:50:17.964441,atm,"Phoenix, AZ",4121,Travel,TRV,Travel - Local,TRV-LOC,Travel - Local - Uber,TRV-LOC-UBR
TXN_20241122_000809,FUEL * 4VYIE71Z,42.35,USD,2025-08-03T21:47:24.964441,pos,"Pune, MH",5541,Transportation,TRN,Transportation - Fuel,TRN-FUL,Transportation - Fuel - Diesel,TRN-FUL-DIE
TXN_20241122_000061,RESTAURANT CA #9552,150.0,USD,2025-08-03T22:34:01.964441,pos,"Phoenix, AZ",5812,Dining,DIN,Dining - Restaurants,DIN-RES,Dining - Restaurants - Fine Dining,DIN-RES-FIN
TXN_20241122_000731,AMAZON DELHI 43796,317.8,INR,2025-08-05T14:07:09.964441,online,,5942,Shopping,SHP,Shopping - Online,SHP-ONL,Shopping - Online - Amazon,SHP-ONL-AMZ
TXN_20241122_000632,APOLLO PHARMACY,424.65,USD,2025-08-06T14:14:03.964441,online,,5912,Healthcare,HLT,Healthcare - Pharmacy,HLT-PHR,Healthcare - Pharmacy - Medicine,HLT-PHR-MED
TXN_20241122_000124,SALON * TJV9JCW2,47.21,USD,2025-08-06T20:47:42.964441,online,,7230,Personal Care,PER,Personal Care - Salon,PER-SAL,Personal Care - Salon - Haircut,PER-SAL-HAR
TXN_20241122_000484,PHARMACY,150.54,EUR,2025-08-07T17:08:00.964441,mobile,"Phoenix, AZ",5912,Healthcare,HLT,Healthcare - Pharmacy,HLT-PHR,Healthcare - Pharmacy - Medicine,HLT-PHR-MED
TXN_20241122_000549,ZOMATO,45.1,INR,2025-08-08T12:27:13.964441,online,,5814,Dining,DIN,Dining - Food Delivery,DIN-DEL,Dining - Food Delivery - Zomato,DIN-DEL-ZOM
TXN_20241122_000961,PAPA JOHNS #5271,40.57,EUR,2025-08-08T13:39:03.964441,atm,"Bangalore, KA",5814,Dining,DIN,Dining - Fast Food,DIN-FST,Dining - Fast Food - Pizza,DIN-FST-PIZ
TXN_20241122_000794,STARBUCKS 575,150.0,USD,2025-08-08T13:42:40.964441,online,,5814,Dining,DIN,Dining - Coffee Shops,DIN-COF,Dining - Coffee Shops - Starbucks,DIN-COF-STB
TXN_20241122_000271,BIGBASKET * 2J3B8KPB,391.93,EUR,2025-08-09T00:20:41.964441,pos,"Ahmedabad, GJ",5411,Shopping,SHP,Shopping - Groceries,SHP-GRO,Shopping - Groceries - Supermarket,SHP-GRO-SUP
TXN_20241122_000621,ZOMATO LLC,34.53,USD,2025-08-09T03:58:52.964441,online,Internet,5814,Dining,DIN,Dining - Food Delivery,DIN-DEL,Dining - Food Delivery - Zomato,DIN-DEL-ZOM
TXN_20241122_000355,UNIVERSITY #6459,1511.3,USD,2025-08-09T13:19:48.964441,atm,"Hyderabad, TG",8220,Education,EDU,Education - Tuition,EDU-TUI,Education - Tuition - College,EDU-TUI-COL
TXN_20241122_000284,POWER BILL #4032 608061,184.01,USD,2025-08-09T17:51:03.964441,atm,"Houston, TX",4900,Utilities,UTL,Utilities - Electric,UTL-ELC,Utilities - Electric - Bill,UTL-ELC-BIL
TXN_20241122_000478,SQ * SPOTIFY,152.44,USD,2025-08-10T09:05:08.964441,online,Web Purchase,4899,Entertainment,ENT,Entertainment - Streaming,ENT-STR,Entertainment - Streaming - Other,ENT-STR-OTH
TXN_20241122_000153,RESTAURANT,10.42,USD,2025-08-11T13:53:14.964441,pos,"New York, NY",5812,Dining,DIN,Dining - Restaurants,DIN-RES,Dining - Restaurants - Fine Dining,DIN-RES-FIN
TXN_20241122_000586,TRANSIT #1063,988.26,INR,2025-08-12T00:16:58.964441,mobile,"Hyderabad, TG",4111,Travel,TRV,Travel - Local,TRV-LOC,Travel - Local - Metro,TRV-LOC-MET
TXN_20241122_000140,INSURANCE PREMIUM,10000.0,EUR,2025-08-12T13:59:35.964441,online,,6300,Financial Services,FIN,Financial Services - Insurance,FIN-INS,Financial Services - Insurance - Premium,FIN-INS-PRM
TXN_20241122_000955,FLIPKART ONLINE GA #2556 08362,127.45,INR,2025-08-13T10:37:03.964441,online,,5942,Shopping,SHP,Shopping - Online,SHP-ONL,Shopping - Online - Flipkart,SHP-ONL-FLP
TXN_20241122_000839,SQ * CROMA,385.21,USD,2025-08-13T12:02:10.964441,pos,"Phoenix, AZ",5732,Shopping,SHP,Shopping - Retail,SHP-RET,Shopping - Retail - Electronics,SHP-RET-ELC
TXN_20241122_000311,BEST BUY 0787,129.44,USD,2025-08-13T14:08:25.964441,mobile,"Houston, TX",5732,Shopping,SHP,Shopping - Retail,SHP-RET,Shopping - Retail - Electronics,SHP-RET-ELC
TXN_20241122_000941,AUTO ONLINE 6384,581.13,INR,2025-08-13T15:46:09.964441,atm,"Delhi, DL",4121,Travel,TRV,Travel - Local,TRV-LOC,Travel - Local - Auto/Rickshaw,TRV-LOC-AUT
TXN_20241122_000945,AUTO * AJAYNP29,650.86,EUR,2025-08-13T18:37:21.964441,mobile,"San Antonio, TX",4121,Travel,TRV,Travel - Local,TRV-LOC,Travel - Local - Auto/Rickshaw,TRV-LOC-AUT
TXN_20241122_000523,VEHICLE MAINTENANCE VA #3770 8258,71.69,USD,2025-08-14T02:37:39.964441,atm,"San Diego, CA",7538,Transportation,TRN,Transportation - Maintenance,TRN-MNT,Transportation - Maintenance - Service,TRN-MNT-SRV
TXN_20241122_000443,PARKING 613357,85.51,USD,2025-08-14T10:18:29.964441,mobile,"Houston, TX",7523,Transportation,TRN,Transportation - Parking,TRN-PRK,Transportation - Parking - Fee,TRN-PRK-FEE
TXN_20241122_000021,UBER * OQCBPWPE 940,2000.0,USD,2025-08-14T12:19:21.964441,pos,"San Antonio, TX",4121,Travel,TRV,Travel - Local,TRV-LOC,Travel - Local - Uber,TRV-LOC-UBR
TXN_20241122_000722,MEDICAL INSURANCE IL 4833,381.43,EUR,2025-08-14T15:02:35.964441,mobile,"Los Angeles, CA",6300,Healthcare,HLT,Healthcare - Insurance,HLT-INS,Healthcare - Insurance - Premium,HLT-INS-PRM
TXN_20241122_000239,WIFI TX #8041,30.16,EUR,2025-08-16T04:39:26.964441,online,,4899,Utilities,UTL,Utilities - Internet,UTL-INT,Utilities - Internet - Broadband,UTL-INT-BRD
TXN_20241122_000152,SPA #3895 842,99.71,USD,2025-08-16T09:18:29.964441,pos,"Ahmedabad, GJ",7298,Personal Care,PER,Personal Care - Wellness,PER-WEL,Personal Care - Wellness - Spa,PER-WEL-SPA
TXN_20241122_000249,SQ * MOBILE RECHARGE 1431,81.64,EUR,2025-08-17T03:10:03.964441,atm,"Kolkata, WB",4814,Utilities,UTL,Utilities - Internet,UTL-INT,Utilities - Internet - Mobile,UTL-INT-MOB
TXN_20241122_000444,ZEPTO WA,136.24,AUD,2025-08-17T11:35:05.964441,online,,5411,Shopping,SHP,Shopping - Groceries,SHP-GRO,Shopping - Groceries - Online,SHP-GRO-ONL
TXN_20241122_000223,PVR STORE,42.98,USD,2025-08-17T11:59:14.964441,online,,7832,Entertainment,ENT,Entertainment - Movies,ENT-MOV,Entertainment - Movies - Theater,ENT-MOV-THR
TXN_20241122_000895,HOME REPAIR TX #5079,500.0,USD,2025-08-17T18:36:44.964441,atm,"Bangalore, KA",1520,Housing,HSG,Housing - Home Improvement,HSG-IMP,Housing - Home Improvement - Repair,HSG-IMP-REP
TXN_20241122_000497,TST* DIESEL,100.0,AUD,2025-08-18T02:33:57.964441,pos,"San Diego, CA",5541,Transportation,TRN,Transportation - Fuel,TRN-FUL,Transportation - Fuel - Diesel,TRN-FUL-DIE
TXN_20241122_000013,BANK FEE ONLINE,2768.83,GBP,2025-08-18T12:06:30.964441,mobile,"New York, NY",6010,Financial Services,FIN,Financial Services - Banking,FIN-BNK,Financial Services - Banking - Fees,FIN-BNK-FEE
TXN_20241122_000979,SQ * UNIVERSITY,1106.87,AUD,2025-08-18T14:46:19.964441,mobile,"New York, NY",8220,Education,EDU,Education - Tuition,EDU-TUI,Education - Tuition - College,EDU-TUI-COL
TXN_20241122_000434,GAS STATION * 37ZELPSA,46.6,USD,2025-08-18T16:58:20.964441,pos,"Hyderabad, TG",5541,Transportation,TRN,Transportation - Fuel,TRN-FUL,Transportation - Fuel - Petrol,TRN-FUL-PET
TXN_20241122_000936,HAIRCUT ONLINE,77.55,USD,2025-08-18T17:17:14.964441,pos,"Bangalore, KA",7230,Personal Care,PER,Personal Care - Salon,PER-SAL,Personal Care - Salon - Haircut,PER-SAL-HAR
TXN_20241122_000458,CAFE COFFEE DAY #3588,43.12,GBP,2025-08-19T09:39:25.964441,online,,5814,Dining,DIN,Dining - Coffee Shops,DIN-COF,Dining - Coffee Shops - Local,DIN-COF-LOC
TXN_20241122_000469,AMZN #7742,290.97,USD,2025-08-20T15:47:27.964441,online,,5942,Shopping,SHP,Shopping - Online,SHP-ONL,Shopping - Online - Amazon,SHP-ONL-AMZ
TXN_20241122_000304,GAS STATION 487009,38.4,USD,2025-08-20T16:14:38.964441,pos,"Pune, MH",5541,Transportation,TRN,Transportation - Fuel,TRN-FUL,Transportation - Fuel - Petrol,TRN-FUL-PET
TXN_20241122_000273,BOOKMYSHOW * OF6XB1E7,128.8,USD,2025-08-20T19:10:40.964441,atm,"Houston, TX",7922,Entertainment,ENT,Entertainment - Events,ENT-EVT,Entertainment - Events - Concerts,ENT-EVT-CON
TXN_20241122_000612,AMC NC 462,32.97,GBP,2025-08-21T18:47:21.964441,atm,"Los Angeles, CA",7832,Entertainment,ENT,Entertainment - Movies,ENT-MOV,Entertainment - Movies - Theater,ENT-MOV-THR
TXN_20241122_000332,DONATION MA #225,63.94,USD,2025-08-22T15:38:36.964441,mobile,"Phoenix, AZ",8398,Charitable,CHR,Charitable - Donations,CHR-DON,Charitable - Donations - NGO,CHR-DON-NGO
TXN_20241122_000377,VEHICLE MAINTENANCE,24.09,USD,2025-08-22T15:40:25.964441,online,,7538,Transportation,TRN,Transportation - Maintenance,TRN-MNT,Transportation - Maintenance - Service,TRN-MNT-SRV
TXN_20241122_000011,YOUTUBE PREMIUM LTD,200.0,USD,2025-08-23T01:43:43.964441,pos,"Phoenix, AZ",4899,Entertainment,ENT,Entertainment - Streaming,ENT-STR,Entertainment - Streaming - Other,ENT-STR-OTH
TXN_20241122_000248,TST* ZOMATO 383,72.58,USD,2025-08-23T08:22:55.964441,pos,"Los Angeles, CA",5814,Dining,DIN,Dining - Food Delivery,DIN-DEL,Dining - Food Delivery - Zomato,DIN-DEL-ZOM
TXN_20241122_000250,UBER EATS DELHI,1641.16,USD,2025-08-23T11:38:52.964441,online,Online,4121,Travel,TRV,Travel - Local,TRV-LOC,Travel - Local - Uber,TRV-LOC-UBR
TXN_20241122_000076,SWIGGY * N2WCUDXQ,25.83,INR,2025-08-23T18:12:04.964441,atm,"Bangalore, KA",5814,Dining,DIN,Dining - Food Delivery,DIN-DEL,Dining - Food Delivery - Swiggy,DIN-DEL-SWG
TXN_20241122_000367,EMI MA 4871,1999.75,EUR,2025-08-23T21:52:15.964441,online,,6513,Housing,HSG,Housing - Mortgage,HSG-MTG,Housing - Mortgage - EMI,HSG-MTG-EMI
TXN_20241122_000824,NETFLIX * O9FUPGOV,74.65,USD,2025-08-23T22:35:37.964441,online,,4899,Entertainment,ENT,Entertainment - Streaming,ENT-STR,Entertainment - Streaming - Netflix,ENT-STR-NFX
TXN_20241122_000938,VEHICLE MAINTENANCE NC #297,20.11,USD,2025-08-24T05:47:50.964441,online,,7538,Transportation,TRN,Transportation - Maintenance,TRN-MNT,Transportation - Maintenance - Service,TRN-MNT-SRV
TXN_20241122_000184,PAPA JOHNS 3731,150.0,USD,2025-08-24T10:57:31.964441,pos,"Pune, MH",5814,Dining,DIN,Dining - Fast Food,DIN-FST,Dining - Fast Food - Pizza,DIN-FST-PIZ
TXN_20241122_000198,WATER,173.14,EUR,2025-08-24T18:08:42.964441,mobile,"Chennai, TN",4900,Utilities,UTL,Utilities - Water,UTL-WAT,Utilities - Water - Bill,UTL-WAT-BIL
TXN_20241122_000819,SCHOOL * J8H8J3F4,730.23,GBP,2025-08-24T19:19:49.964441,mobile,"San Diego, CA",8211,Education,EDU,Education - Tuition,EDU-TUI,Education - Tuition - School,EDU-TUI-SCH
TXN_20241122_000334,PP* BIGBASKET,422.08,USD,2025-08-24T23:57:56.964441,atm,"Mumbai, MH",5411,Shopping,SHP,Shopping - Groceries,SHP-GRO,Shopping - Groceries - Supermarket,SHP-GRO-SUP
TXN_20241122_000843,CAR SERVICE * B87EMAOB 060,39.56,USD,2025-08-25T02:57:13.964441,mobile,"Delhi, DL",7538,Transportation,TRN,Transportation - Maintenance,TRN-MNT,Transportation - Maintenance - Service,TRN-MNT-SRV
TXN_20241122_000287,TST* BISTRO,30.3,USD,2025-08-25T08:24:39.964441,pos,"Houston, TX",5812,Dining,DIN,Dining - Restaurants,DIN-RES,Dining - Restaurants - Casual,DIN-RES-CAS
TXN_20241122_000436,CAFE COFFEE DAY * 6DCDX1EW 297400,37.42,USD,2025-08-25T10:02:59.964441,atm,"Ahmedabad, GJ",5814,Dining,DIN,Dining - Coffee Shops,DIN-COF,Dining - Coffee Shops - Local,DIN-COF-LOC
TXN_20241122_000330,PREPAID,248.28,EUR,2025-08-25T15:26:26.964441,mobile,"San Diego, CA",4814,Utilities,UTL,Utilities - Internet,UTL-INT,Utilities - Internet - Mobile,UTL-INT-MOB
TXN_20241122_000240,TST* ELECTRICITY,146.87,USD,2025-08-25T16:19:37.964441,pos,"Philadelphia, PA",4900,Utilities,UTL,Utilities - Electric,UTL-ELC,Utilities - Electric - Bill,UTL-ELC-BIL
TXN_20241122_000365,YOUTUBE PREMIUM,36.88,INR,2025-08-25T19:30:54.964441,online,,4899,Entertainment,ENT,Entertainment - Streaming,ENT-STR,Entertainment - Streaming - Other,ENT-STR-OTH
TXN_20241122_000448,PIZZA HUT,150.0,GBP,2025-08-26T03:39:38.964441,pos,"Chennai, TN",5814,Dining,DIN,Dining - Fast Food,DIN-FST,Dining - Fast Food - Pizza,DIN-FST-PIZ
TXN_20241122_000852,GYM MEMBERSHIP #5876 27542,67.41,INR,2025-08-26T11:44:21.964441,atm,"Pune, MH",7997,Personal Care,PER,Personal Care - Gym,PER-GYM,Personal Care - Gym - Membership,PER-GYM-MEM
TXN_20241122_000096,FINE DINING * X9GJ10GS,39.43,USD,2025-08-26T14:06:47.964441,atm,"Ahmedabad, GJ",5812,Dining,DIN,Dining - Restaurants,DIN-RES,Dining - Restaurants - Fine Dining,DIN-RES-FIN
TXN_20241122_000001,RENOVATION ONLINE,1420.26,INR,2025-08-27T08:44:39.964441,pos,"Ahmedabad, GJ",1520,Housing,HSG,Housing - Home Improvement,HSG-IMP,Housing - Home Improvement - Repair,HSG-IMP-REP
TXN_20241122_000830,PARKING LOT * SQOC8GWB 461563,63.38,USD,2025-08-28T11:39:43.964441,online,,7523,Transportation,TRN,Transportation - Parking,TRN-PRK,Transportation - Parking - Fee,TRN-PRK-FEE
TXN_20241122_000308,TARGET PUNE #547,218.05,USD,2025-08-28T14:38:03.964441,atm,"Delhi, DL",5411,Shopping,SHP,Shopping - Groceries,SHP-GRO,Shopping - Groceries - Supermarket,SHP-GRO-SUP
TXN_20241122_000374,CLOTHING STORE,269.52,USD,2025-08-29T09:18:04.964441,pos,"Chicago, IL",5651,Shopping,SHP,Shopping - Retail,SHP-RET,Shopping - Retail - Clothing,SHP-RET-CLO
TXN_20241122_000299,UNIVERSITY MA,1112.19,USD,2025-08-29T12:12:16.964441,atm,"New York, NY",8220,Education,EDU,Education - Tuition,EDU-TUI,Education - Tuition - College,EDU-TUI-COL
TXN_20241122_000980,CAFE COFFEE DAY,75.66,USD,2025-08-29T15:51:16.964441,mobile,"San Antonio, TX",5814,Dining,DIN,Dining - Coffee Shops,DIN-COF,Dining - Coffee Shops - Local,DIN-COF-LOC
TXN_20241122_000840,INSTACART,58.97,AUD,2025-08-29T17:38:52.964441,mobile,"Phoenix, AZ",5411,Shopping,SHP,Shopping - Groceries,SHP-GRO,Shopping - Groceries - Online,SHP-GRO-ONL
TXN_20241122_000034,NETFLIX NC #1768,47.29,USD,2025-08-29T18:06:18.964441,online,,4899,Entertainment,ENT,Entertainment - Streaming,ENT-STR,Entertainment - Streaming - Netflix,ENT-STR-NFX
TXN_20241122_000661,SQ * MASSAGE,63.04,EUR,2025-08-29T18:52:15.964441,mobile,"San Antonio, TX",7298,Personal Care,PER,Personal Care - Wellness,PER-WEL,Personal Care - Wellness - Spa,PER-WEL-SPA
TXN_20241122_000024,AIR INDIA HYDERABAD #4437,1333.39,INR,2025-08-29T19:44:21.964441,mobile,"Philadelphia, PA",4511,Travel,TRV,Travel - International,TRV-INT,Travel - International - Flight,TRV-INT-FLT
TXN_20241122_000558,VEHICLE MAINTENANCE NC,38.84,INR,2025-08-30T01:19:45.964441,online,,7538,Transportation,TRN,Transportation - Maintenance,TRN-MNT,Transportation - Maintenance - Service,TRN-MNT-SRV
TXN_20241122_000319,BEST BUY #7182,33.81,USD,2025-08-30T14:38:28.964441,pos,"Houston, TX",5732,Shopping,SHP,Shopping - Retail,SHP-RET,Shopping - Retail - Electronics,SHP-RET-ELC
TXN_20241122_000428,NETFLIX SUBSCRIPTION NC,63.85,INR,2025-08-30T17:42:23.964441,online,Web Purchase,4899,Entertainment,ENT,Entertainment - Streaming,ENT-STR,Entertainment - Streaming - Netflix,ENT-STR-NFX
TXN_20241122_000735,TST* ZOMATO,150.0,USD,2025-08-31T06:02:00.964441,mobile,"Chicago, IL",5814,Dining,DIN,Dining - Food Delivery,DIN-DEL,Dining - Food Delivery - Zomato,DIN-DEL-ZOM
TXN_20241122_000470,SWIGGY FOOD FL,28.04,USD,2025-08-31T14:36:44.964441,online,Online,5814,Dining,DIN,Dining - Food Delivery,DIN-DEL,Dining - Food Delivery - Swiggy,DIN-DEL-SWG
TXN_20241122_000167,SQ * SHELL,72.15,USD,2025-08-31T20:18:16.964441,pos,"Kolkata, WB",5541,Transportation,TRN,Transportation - Fuel,TRN-FUL,Transportation - Fuel - Petrol,TRN-FUL-PET
TXN_20241122_000540,BURGER KING GA 953,47.49,AUD,2025-09-01T05:04:49.964441,pos,"Delhi, DL",5814,Dining,DIN,Dining - Fast Food,DIN-FST,Dining - Fast Food - Burgers,DIN-FST-BRG
TXN_20241122_000007,POWER BILL #8747,129.64,USD,2025-09-01T10:38:38.964441,online,,4900,Utilities,UTL,Utilities - Electric,UTL-ELC,Utilities - Electric - Bill,UTL-ELC-BIL
TXN_20241122_000085,UBER HYDERABAD,1962.5,INR,2025-09-01T17:59:28.964441,online,Online,4121,Travel,TRV,Travel - Local,TRV-LOC,Travel - Local - Uber,TRV-LOC-UBR
TXN_20241122_000297,PARKING LOT * MMNTAPFT 50300,28.25,EUR,2025-09-02T14:48:54.964441,atm,"Chennai, TN",7523,Transportation,TRN,Transportation - Parking,TRN-PRK,Transportation - Parking - Fee,TRN-PRK-FEE
TXN_20241122_000937,CHARITY #4177,143.83,EUR,2025-09-02T15:04:12.964441,atm,"Kolkata, WB",8398,Charitable,CHR,Charitable - Donations,CHR-DON,Charitable - Donations - NGO,CHR-DON-NGO
TXN_20241122_000678,TRANSIT HYDERABAD #9870,689.42,USD,2025-09-02T16:48:04.964441,atm,"Delhi, DL",4111,Travel,TRV,Travel - Local,TRV-LOC,Travel - Local - Metro,TRV-LOC-MET
TXN_20241122_000930,BARISTA * WU48JSB7,41.36,USD,2025-09-03T13:32:38.964441,atm,"Philadelphia, PA",5814,Dining,DIN,Dining - Coffee Shops,DIN-COF,Dining - Coffee Shops - Local,DIN-COF-LOC
TXN_20241122_000716,PAPA JOHNS FL #2393,12.88,USD,2025-09-03T19:25:07.964441,pos,"Mumbai, MH",5814,Dining,DIN,Dining - Fast Food,DIN-FST,Dining - Fast Food - Pizza,DIN-FST-PIZ
TXN_20241122_000585,ZOMATO FOOD,88.27,USD,2025-09-03T20:29:05.964441,online,,5814,Dining,DIN,Dining - Food Delivery,DIN-DEL,Dining - Food Delivery - Zomato,DIN-DEL-ZOM
TXN_20241122_000322,SPOTIFY * HUCBBETE 021143,200.0,USD,2025-09-04T17:12:52.964441,online,,4899,Entertainment,ENT,Entertainment - Streaming,ENT-STR,Entertainment - Streaming - Other,ENT-STR-OTH
TXN_20241122_000967,MOBILE RECHARGE IL,175.19,EUR,2025-09-05T01:49:20.964441,mobile,"Pune, MH",4814,Utilities,UTL,Utilities - Internet,UTL-INT,Utilities - Internet - Mobile,UTL-INT-MOB
TXN_20241122_000640,NETFLIX SUBSCRIPTION  079,46.47,USD,2025-09-05T01:58:46.964441,online,Internet,4899,Entertainment,ENT,Entertainment - Streaming,ENT-STR,Entertainment - Streaming - Netflix,ENT-STR-NFX
TXN_20241122_000425,AMAZON HYDERABAD #7390,215.95,USD,2025-09-05T13:43:09.964441,online,,5942,Shopping,SHP,Shopping - Online,SHP-ONL,Shopping - Online - Amazon,SHP-ONL-AMZ
TXN_20241122_000825,FINE DINING,41.84,EUR,2025-09-06T17:56:03.964441,pos,"Chennai, TN",5812,Dining,DIN,Dining - Restaurants,DIN-RES,Dining - Restaurants - Fine Dining,DIN-RES-FIN
TXN_20241122_000864,OLA MA #5340,323.98,USD,2025-09-06T19:06:43.964441,atm,"San Diego, CA",4121,Travel,TRV,Travel - Local,TRV-LOC,Travel - Local - Auto/Rickshaw,TRV-LOC-AUT
TXN_20241122_000302,STOCK MA #1560,3091.86,USD,2025-09-07T04:30:50.964441,atm,"Chennai, TN",6211,Financial Services,FIN,Financial Services - Investment,FIN-INV,Financial Services - Investment - Trading,FIN-INV-TRD
TXN_20241122_000049,STARBUCKS LLC,123.65,USD,2025-09-07T07:26:10.964441,mobile,"Los Angeles, CA",5814,Dining,DIN,Dining - Coffee Shops,DIN-COF,Dining - Coffee Shops - Starbucks,DIN-COF-STB
TXN_20241122_000400,WATER,42.02,EUR,2025-09-07T13:41:50.964441,atm,"New York, NY",4900,Utilities,UTL,Utilities - Water,UTL-WAT,Utilities - Water - Bill,UTL-WAT-BIL
TXN_20241122_000012,GAS STATION INC 692,34.98,INR,2025-09-07T15:39:41.964441,pos,"Los Angeles, CA",5541,Transportation,TRN,Transportation - Fuel,TRN-FUL,Transportation - Fuel - Petrol,TRN-FUL-PET
TXN_20241122_000103,OFFICE SUPPLIES,514.25,AUD,2025-09-08T12:24:31.964441,atm,"San Antonio, TX",5943,Business Expenses,BUS,Business Expenses - Office,BUS-OFC,Business Expenses - Office - Supplies,BUS-OFC-SUP
TXN_20241122_000753,PAYPAL * PHONE,1443.44,EUR,2025-09-08T15:39:50.964441,pos,"New York, NY",5732,Technology,TEC,Technology - Electronics,TEC-ELE,Technology - Electronics - Mobile,TEC-ELE-MOB
TXN_20241122_000306,JIO FIBER * MBC19B8H 2807,101.67,EUR,2025-09-08T18:03:17.964441,pos,"Hyderabad, TG",4899,Utilities,UTL,Utilities - Internet,UTL-INT,Utilities - Internet - Broadband,UTL-INT-BRD
TXN_20241122_000078,WALMART #3048,95.44,INR,2025-09-09T09:50:24.964441,atm,"San Antonio, TX",5411,Shopping,SHP,Shopping - Groceries,SHP-GRO,Shopping - Groceries - Supermarket,SHP-GRO-SUP
TXN_20241122_000559,GYM LTD,101.05,USD,2025-09-09T10:14:31.964441,pos,"Phoenix, AZ",7997,Personal Care,PER,Personal Care - Gym,PER-GYM,Personal Care - Gym - Membership,PER-GYM-MEM
TXN_20241122_000997,DMART,231.42,GBP,2025-09-09T13:14:39.964441,mobile,"Kolkata, WB",5411,Shopping,SHP,Shopping - Groceries,SHP-GRO,Shopping - Groceries - Supermarket,SHP-GRO-SUP
TXN_20241122_000059,SHELL LTD 594,44.82,USD,2025-09-09T17:00:49.964441,online,Internet,5541,Transportation,TRN,Transportation - Fuel,TRN-FUL,Transportation - Fuel - Petrol,TRN-FUL-PET
TXN_20241122_000286,ZEPTO MUMBAI #6398,358.95,EUR,2025-09-10T06:40:42.964441,online,,5411,Shopping,SHP,Shopping - Groceries,SHP-GRO,Shopping - Groceries - Online,SHP-GRO-ONL
TXN_20241122_000717,STATIONERY IL,1000.0,USD,2025-09-10T11:03:19.964441,atm,"Delhi, DL",5943,Business Expenses,BUS,Business Expenses - Office,BUS-OFC,Business Expenses - Office - Supplies,BUS-OFC-SUP
TXN_20241122_000008,YOUTUBE PREMIUM NC,47.06,USD,2025-09-10T17:44:01.964441,mobile,"Pune, MH",4899,Entertainment,ENT,Entertainment - Streaming,ENT-STR,Entertainment - Streaming - Other,ENT-STR-OTH
TXN_20241122_000828,DOMINOS PUNE #6728,13.14,EUR,2025-09-10T19:59:54.964441,pos,"Mumbai, MH",5814,Dining,DIN,Dining - Fast Food,DIN-FST,Dining - Fast Food - Pizza,DIN-FST-PIZ
TXN_20241122_000060,STATIONERY,1000.0,INR,2025-09-11T09:09:20.964441,pos,"Philadelphia, PA",5943,Business Expenses,BUS,Business Expenses - Office,BUS-OFC,Business Expenses - Office - Supplies,BUS-OFC-SUP
TXN_20241122_000759,BEST BUY WA #5692,500.0,USD,2025-09-11T22:04:03.964441,online,,5732,Shopping,SHP,Shopping - Retail,SHP-RET,Shopping - Retail - Electronics,SHP-RET-ELC
TXN_20241122_000922,PAPA JOHNS #2024,31.14,USD,2025-09-12T17:21:41.964441,pos,"San Diego, CA",5814,Dining,DIN,Dining - Fast Food,DIN-FST,Dining - Fast Food - Pizza,DIN-FST-PIZ
TXN_20241122_000686,MUTUAL FUND #7261,10000.0,USD,2025-09-12T17:24:55.964441,mobile,"San Antonio, TX",6211,Financial Services,FIN,Financial Services - Investment,FIN-INV,Financial Services - Investment - Trading,FIN-INV-TRD
TXN_20241122_000741,OLA #9397 767,961.83,USD,2025-09-13T14:13:22.964441,pos,"Mumbai, MH",4121,Travel,TRV,Travel - Local,TRV-LOC,Travel - Local - Auto/Rickshaw,TRV-LOC-AUT
TXN_20241122_000217,SQ * FLIPKART ONLINE,249.1,USD,2025-09-14T01:03:00.964441,online,,5942,Shopping,SHP,Shopping - Online,SHP-ONL,Shopping - Online - Flipkart,SHP-ONL-FLP
TXN_20241122_000815,WATER BILL #3433 584,63.65,INR,2025-09-14T06:32:37.964441,pos,"Chicago, IL",4900,Utilities,UTL,Utilities - Water,UTL-WAT,Utilities - Water - Bill,UTL-WAT-BIL
TXN_20241122_000423,SHELL 6882,43.39,USD,2025-09-15T18:48:20.964441,pos,"Delhi, DL",5541,Transportation,TRN,Transportation - Fuel,TRN-FUL,Transportation - Fuel - Petrol,TRN-FUL-PET
TXN_20241122_000902,CHARITY #1737 17079,24.76,USD,2025-09-15T19:08:18.964441,mobile,"Philadelphia, PA",8398,Charitable,CHR,Charitable - Donations,CHR-DON,Charitable - Donations - NGO,CHR-DON-NGO
TXN_20241122_000919,SWIGGY FOOD #9602,16.72,USD,2025-09-15T19:32:16.964441,pos,"Phoenix, AZ",5814,Dining,DIN,Dining - Food Delivery,DIN-DEL,Dining - Food Delivery - Swiggy,DIN-DEL-SWG
TXN_20241122_000891,ZOMATO 441,36.31,INR,2025-09-16T00:55:51.964441,mobile,"Bangalore, KA",5814,Dining,DIN,Dining - Food Delivery,DIN-DEL,Dining - Food Delivery - Zomato,DIN-DEL-ZOM
TXN_20241122_000490,CLOTHING STORE  6154,211.18,EUR,2025-09-16T09:17:40.964441,pos,"Pune, MH",5651,Shopping,SHP,Shopping - Retail,SHP-RET,Shopping - Retail - Clothing,SHP-RET-CLO
TXN_20241122_000247,ZOMATO FOOD * XN1WHCWX,34.71,GBP,2025-09-16T11:32:04.964441,online,Web Purchase,5814,Dining,DIN,Dining - Food Delivery,DIN-DEL,Dining - Food Delivery - Zomato,DIN-DEL-ZOM
TXN_20241122_000765,PAYPAL * CLOUD 21938,508.49,GBP,2025-09-16T12:17:18.964441,online,,5734,Technology,TEC,Technology - Subscriptions,TEC-SUB,Technology - Subscriptions - Cloud,TEC-SUB-CLD
TXN_20241122_000827,SWIGGY DELIVERY #8761,13.26,AUD,2025-09-16T12:22:57.964441,online,,5814,Dining,DIN,Dining - Food Delivery,DIN-DEL,Dining - Food Delivery - Swiggy,DIN-DEL-SWG
TXN_20241122_000762,KFC * YVJ9L5DJ,43.29,USD,2025-09-17T20:03:05.964441,pos,"Los Angeles, CA",5814,Dining,DIN,Dining - Fast Food,DIN-FST,Dining - Fast Food - Burgers,DIN-FST-BRG
TXN_20241122_000272,PARKING FEE,21.94,EUR,2025-09-18T15:09:25.964441,pos,"Delhi, DL",7523,Transportation,TRN,Transportation - Parking,TRN-PRK,Transportation - Parking - Fee,TRN-PRK-FEE
TXN_20241122_000238,GOOGLE CLOUD * J60ZDX0A 73284,124.73,EUR,2025-09-18T19:04:03.964441,online,,5734,Technology,TEC,Technology - Subscriptions,TEC-SUB,Technology - Subscriptions - Cloud,TEC-SUB-CLD
TXN_20241122_000602,ZOMATO 494503,39.41,USD,2025-09-18T19:06:20.964441,online,,5814,Dining,DIN,Dining - Food Delivery,DIN-DEL,Dining - Food Delivery - Zomato,DIN-DEL-ZOM
TXN_20241122_000747,LAPTOP #9196,782.09,EUR,2025-09-18T20:25:27.964441,pos,"Delhi, DL",5732,Technology,TEC,Technology - Electronics,TEC-ELE,Technology - Electronics - Computer,TEC-ELE-CMP
TXN_20241122_000398,UDEMY TX #8315,5000.0,INR,2025-09-19T10:16:44.964441,online,,8299,Education,EDU,Education - Courses,EDU-CRS,Education - Courses - Online,EDU-CRS-ONL
TXN_20241122_000564,PP* SERVICE CHARGE,3475.3,USD,2025-09-19T19:31:08.964441,mobile,"Kolkata, WB",6010,Financial Services,FIN,Financial Services - Banking,FIN-BNK,Financial Services - Banking - Fees,FIN-BNK-FEE
TXN_20241122_000101,CAFE,89.58,USD,2025-09-20T18:13:21.964441,pos,"Phoenix, AZ",5812,Dining,DIN,Dining - Restaurants,DIN-RES,Dining - Restaurants - Casual,DIN-RES-CAS
TXN_20241122_000487,OFFICE SUPPLIES * DA3UYUC8,202.88,USD,2025-09-21T23:25:52.964441,pos,"Bangalore, KA",5943,Business Expenses,BUS,Business Expenses - Office,BUS-OFC,Business Expenses - Office - Supplies,BUS-OFC-SUP
TXN_20241122_000375,OTHER INC,39.03,AUD,2025-09-22T07:32:38.964441,mobile,"Philadelphia, PA",,Miscellaneous,MSC,Miscellaneous - Uncategorized,MSC-UNC,Miscellaneous - Uncategorized - Other,MSC-UNC-OTH
TXN_20241122_000023,FLIPKART ONLINE MUMBAI #6143,218.67,USD,2025-09-22T10:21:08.964441,online,Internet,5942,Shopping,SHP,Shopping - Online,SHP-ONL,Shopping - Online - Flipkart,SHP-ONL-FLP
TXN_20241122_000399,TST* DIESEL,92.7,EUR,2025-09-22T19:47:36.964441,pos,"Pune, MH",5541,Transportation,TRN,Transportation - Fuel,TRN-FUL,Transportation - Fuel - Diesel,TRN-FUL-DIE
TXN_20241122_000648,AMAZON * UK07E1LB,298.62,USD,2025-09-23T12:27:48.964441,online,Online,5942,Shopping,SHP,Shopping - Online,SHP-ONL,Shopping - Online - Amazon,SHP-ONL-AMZ
TXN_20241122_000492,MEDICAL INSURANCE 560,330.78,EUR,2025-09-23T15:26:17.964441,pos,"Kolkata, WB",6300,Healthcare,HLT,Healthcare - Insurance,HLT-INS,Healthcare - Insurance - Premium,HLT-INS-PRM
TXN_20241122_000590,EMI #5482 479,871.3,USD,2025-09-23T17:47:43.964441,mobile,"Ahmedabad, GJ",6513,Housing,HSG,Housing - Mortgage,HSG-MTG,Housing - Mortgage - EMI,HSG-MTG-EMI
TXN_20241122_000803,AMZN * IOZJ6JLA,500.0,INR,2025-09-23T20:31:42.964441,online,,5942,Shopping,SHP,Shopping - Online,SHP-ONL,Shopping - Online - Amazon,SHP-ONL-AMZ
TXN_20241122_000972,AMAZON PRIME NY #3009 72312,200.0,GBP,2025-09-24T00:56:35.964441,online,,4899,Entertainment,ENT,Entertainment - Streaming,ENT-STR,Entertainment - Streaming - Prime,ENT-STR-PRM
TXN_20241122_000767,HOME REPAIR #545,2181.03,USD,2025-09-24T04:45:31.964441,mobile,"Kolkata, WB",1520,Housing,HSG,Housing - Home Improvement,HSG-IMP,Housing - Home Improvement - Repair,HSG-IMP-REP
TXN_20241122_000727,POSTPAID #8911,134.79,USD,2025-09-24T10:34:16.964441,pos,"Hyderabad, TG",4814,Utilities,UTL,Utilities - Internet,UTL-INT,Utilities - Internet - Mobile,UTL-INT-MOB
TXN_20241122_000143,MOBILE RECHARGE PUNE,112.98,USD,2025-09-24T14:18:25.964441,online,Online,4814,Utilities,UTL,Utilities - Internet,UTL-INT,Utilities - Internet - Mobile,UTL-INT-MOB
TXN_20241122_000479,MISCELLANEOUS #5209 2123,62.76,USD,2025-09-24T15:03:21.964441,online,,,Miscellaneous,MSC,Miscellaneous - Uncategorized,MSC-UNC,Miscellaneous - Uncategorized - Other,MSC-UNC-OTH
TXN_20241122_000598,DIESEL,20.74,USD,2025-09-24T18:09:59.964441,pos,"Phoenix, AZ",5541,Transportation,TRN,Transportation - Fuel,TRN-FUL,Transportation - Fuel - Diesel,TRN-FUL-DIE
TXN_20241122_000064,WATER BILL GA,197.98,USD,2025-09-25T05:27:10.964441,mobile,"Los Angeles, CA",4900,Utilities,UTL,Utilities - Water,UTL-WAT,Utilities - Water - Bill,UTL-WAT-BIL
TXN_20241122_000173,TST* RESTAURANT,14.02,EUR,2025-09-25T09:14:17.964441,pos,"Philadelphia, PA",5812,Dining,DIN,Dining - Restaurants,DIN-RES,Dining - Restaurants - Fine Dining,DIN-RES-FIN
TXN_20241122_000734,WATER BILL * DEP71B8L,25.21,USD,2025-09-26T16:19:28.964441,online,,4900,Utilities,UTL,Utilities - Water,UTL-WAT,Utilities - Water - Bill,UTL-WAT-BIL
TXN_20241122_000790,BLINKIT * FQR5QCQ1 72272,171.16,USD,2025-09-27T01:42:42.964441,atm,"Mumbai, MH",5411,Shopping,SHP,Shopping - Groceries,SHP-GRO,Shopping - Groceries - Online,SHP-GRO-ONL
TXN_20241122_000372,BARBER * BNUPYE60 969,200.0,EUR,2025-09-27T11:21:23.964441,atm,"Delhi, DL",7230,Personal Care,PER,Personal Care - Salon,PER-SAL,Personal Care - Salon - Haircut,PER-SAL-HAR
TXN_20241122_000231,EMI,640.97,USD,2025-09-28T05:10:06.964441,atm,"Chicago, IL",6513,Housing,HSG,Housing - Mortgage,HSG-MTG,Housing - Mortgage - EMI,HSG-MTG-EMI
TXN_20241122_000561,CVS #9456,162.5,USD,2025-09-28T21:01:30.964441,atm,"Chennai, TN",5912,Healthcare,HLT,Healthcare - Pharmacy,HLT-PHR,Healthcare - Pharmacy - Medicine,HLT-PHR-MED
TXN_20241122_000870,PP* ZOMATO FOOD,18.86,USD,2025-09-29T03:53:57.964441,online,,5814,Dining,DIN,Dining - Food Delivery,DIN-DEL,Dining - Food Delivery - Zomato,DIN-DEL-ZOM
TXN_20241122_000234,PAYPAL * UBER EATS,297.66,AUD,2025-09-29T17:00:09.964441,mobile,"Bangalore, KA",4121,Travel,TRV,Travel - Local,TRV-LOC,Travel - Local - Uber,TRV-LOC-UBR
TXN_20241122_000285,SQ * KFC,30.94,EUR,2025-09-29T20:43:19.964441,pos,"Phoenix, AZ",5814,Dining,DIN,Dining - Fast Food,DIN-FST,Dining - Fast Food - Burgers,DIN-FST-BRG
TXN_20241122_000244,NETFLIX SUBSCRIPTION * JWE5JXOI 816252,89.01,INR,2025-09-30T11:49:31.964441,online,,4899,Entertainment,ENT,Entertainment - Streaming,ENT-STR,Entertainment - Streaming - Netflix,ENT-STR-NFX
TXN_20241122_000203,CINEPOLIS #6151,188.3,EUR,2025-09-30T13:04:01.964441,mobile,"Ahmedabad, GJ",7832,Entertainment,ENT,Entertainment - Movies,ENT-MOV,Entertainment - Movies - Theater,ENT-MOV-THR
TXN_20241122_000874,CAR SERVICE,10.6,USD,2025-09-30T16:22:54.964441,pos,"Kolkata, WB",7538,Transportation,TRN,Transportation - Maintenance,TRN-MNT,Transportation - Maintenance - Service,TRN-MNT-SRV
TXN_20241122_000884,ZOMATO FOOD 1951,21.16,USD,2025-10-01T19:45:15.964441,pos,"Phoenix, AZ",5814,Dining,DIN,Dining - Food Delivery,DIN-DEL,Dining - Food Delivery - Zomato,DIN-DEL-ZOM
TXN_20241122_000633,PAPA JOHNS,60.93,USD,2025-10-02T16:39:39.964441,atm,"San Antonio, TX",5814,Dining,DIN,Dining - Fast Food,DIN-FST,Dining - Fast Food - Pizza,DIN-FST-PIZ
TXN_20241122_000600,AMZN GA #6376,500.0,AUD,2025-10-03T04:28:37.964441,online,Online,5942,Shopping,SHP,Shopping - Online,SHP-ONL,Shopping - Online - Amazon,SHP-ONL-AMZ
TXN_20241122_000089,MEDPLUS MUMBAI #4010,73.11,USD,2025-10-03T09:30:22.964441,online,,5912,Healthcare,HLT,Healthcare - Pharmacy,HLT-PHR,Healthcare - Pharmacy - Medicine,HLT-PHR-MED
TXN_20241122_000337,OTHER LTD,104.92,USD,2025-10-03T13:09:12.964441,atm,"San Antonio, TX",,Miscellaneous,MSC,Miscellaneous - Uncategorized,MSC-UNC,Miscellaneous - Uncategorized - Other,MSC-UNC-OTH
TXN_20241122_000227,TEXTBOOKS IL #1706,1203.75,EUR,2025-10-03T14:34:56.964441,atm,"Philadelphia, PA",5942,Education,EDU,Education - Books,EDU-BOK,Education - Books - Purchase,EDU-BOK-PUR
TXN_20241122_000233,CONCERT #5927 7078,32.54,EUR,2025-10-03T15:17:40.964441,pos,"Kolkata, WB",7922,Entertainment,ENT,Entertainment - Events,ENT-EVT,Entertainment - Events - Concerts,ENT-EVT-CON
TXN_20241122_000309,SQ * RELIANCE DIGITAL,249.19,EUR,2025-10-03T20:04:21.964441,pos,"Mumbai, MH",5732,Shopping,SHP,Shopping - Retail,SHP-RET,Shopping - Retail - Electronics,SHP-RET-ELC
TXN_20241122_000412,GYM FL #1444 5535,36.78,INR,2025-10-04T01:01:14.964441,mobile,"Chennai, TN",7997,Personal Care,PER,Personal Care - Gym,PER-GYM,Personal Care - Gym - Membership,PER-GYM-MEM
TXN_20241122_000943,PP* MUTUAL FUND,10000.0,GBP,2025-10-04T12:59:34.964441,mobile,"San Antonio, TX",6211,Financial Services,FIN,Financial Services - Investment,FIN-INV,Financial Services - Investment - Trading,FIN-INV-TRD
TXN_20241122_000139,AIRWAYS GA,124.66,INR,2025-10-05T06:30:30.964441,pos,"Delhi, DL",4511,Travel,TRV,Travel - International,TRV-INT,Travel - International - Flight,TRV-INT-FLT
TXN_20241122_000242,INSTACART * QYXSTMZ8,149.15,EUR,2025-10-05T06:59:13.964441,pos,"Delhi, DL",5411,Shopping,SHP,Shopping - Groceries,SHP-GRO,Shopping - Groceries - Online,SHP-GRO-ONL
TXN_20241122_000514,OLA BANGALORE #7968,1149.21,EUR,2025-10-05T08:53:44.964441,pos,"Chicago, IL",4121,Travel,TRV,Travel - Local,TRV-LOC,Travel - Local - Auto/Rickshaw,TRV-LOC-AUT
TXN_20241122_000104,PAPA JOHNS 5275,72.6,INR,2025-10-05T16:07:18.964441,pos,"Chicago, IL",5814,Dining,DIN,Dining - Fast Food,DIN-FST,Dining - Fast Food - Pizza,DIN-FST-PIZ
TXN_20241122_000996,HOSPITAL * DNO1ZFNS,118.3,USD,2025-10-05T16:11:41.964441,mobile,"Hyderabad, TG",8011,Healthcare,HLT,Healthcare - Hospital,HLT-HOS,Healthcare - Hospital - Consultation,HLT-HOS-CON
TXN_20241122_000270,INTERNET #8244,132.72,USD,2025-10-05T18:55:18.964441,online,Online,4899,Utilities,UTL,Utilities - Internet,UTL-INT,Utilities - Internet - Broadband,UTL-INT-BRD
TXN_20241122_000900,TST* SWIGGY FOOD 822,36.9,INR,2025-10-06T12:28:03.964441,atm,"Los Angeles, CA",5814,Dining,DIN,Dining - Food Delivery,DIN-DEL,Dining - Food Delivery - Swiggy,DIN-DEL-SWG
TXN_20241122_000935,TST* ZOMATO FOOD 36945,33.82,USD,2025-10-06T13:58:34.964441,mobile,"Phoenix, AZ",5814,Dining,DIN,Dining - Food Delivery,DIN-DEL,Dining - Food Delivery - Zomato,DIN-DEL-ZOM
TXN_20241122_000288,RELIANCE DIGITAL,155.2,INR,2025-10-06T15:49:49.964441,pos,"Phoenix, AZ",5732,Shopping,SHP,Shopping - Retail,SHP-RET,Shopping - Retail - Electronics,SHP-RET-ELC
TXN_20241122_000449,BARISTA DELHI #520,100.66,USD,2025-10-06T16:48:03.964441,atm,"Houston, TX",5814,Dining,DIN,Dining - Coffee Shops,DIN-COF,Dining - Coffee Shops - Local,DIN-COF-LOC
TXN_20241122_000196,SHELL STORE 32001,46.96,USD,2025-10-06T18:08:23.964441,online,,5541,Transportation,TRN,Transportation - Fuel,TRN-FUL,Transportation - Fuel - Petrol,TRN-FUL-PET
TXN_20241122_000814,UDEMY * 8SO5HIMA,511.73,INR,2025-10-07T21:47:23.964441,online,Internet,8299,Education,EDU,Education - Courses,EDU-CRS,Education - Courses - Online,EDU-CRS-ONL
TXN_20241122_000627,OYO INC,1232.28,USD,2025-10-08T08:22:02.964441,online,,7011,Travel,TRV,Travel - Accommodation,TRV-ACC,Travel - Accommodation - Hotel,TRV-ACC-HTL
TXN_20241122_000766,PP* EMIRATES,1467.91,USD,2025-10-08T10:13:10.964441,atm,"Delhi, DL",4511,Travel,TRV,Travel - International,TRV-INT,Travel - International - Flight,TRV-INT-FLT
TXN_20241122_000667,CROMA,66.89,AUD,2025-10-08T12:04:06.964441,pos,"Mumbai, MH",5732,Shopping,SHP,Shopping - Retail,SHP-RET,Shopping - Retail - Electronics,SHP-RET-ELC
TXN_20241122_000144,ZEPTO,391.54,INR,2025-10-08T14:21:26.964441,online,,5411,Shopping,SHP,Shopping - Groceries,SHP-GRO,Shopping - Groceries - Online,SHP-GRO-ONL
TXN_20241122_000857,TARGET,153.48,USD,2025-10-09T14:35:14.964441,online,,5411,Shopping,SHP,Shopping - Groceries,SHP-GRO,Shopping - Groceries - Supermarket,SHP-GRO-SUP
TXN_20241122_000446,RICKSHAW,481.36,EUR,2025-10-09T15:48:28.964441,pos,"Delhi, DL",4121,Travel,TRV,Travel - Local,TRV-LOC,Travel - Local - Auto/Rickshaw,TRV-LOC-AUT
TXN_20241122_000370,SQ * POSTPAID 0480,121.8,EUR,2025-10-09T17:42:24.964441,online,,4814,Utilities,UTL,Utilities - Internet,UTL-INT,Utilities - Internet - Mobile,UTL-INT-MOB
TXN_20241122_000529,PARKING LOT ONLINE,26.37,USD,2025-10-10T13:12:40.964441,atm,"Houston, TX",7523,Transportation,TRN,Transportation - Parking,TRN-PRK,Transportation - Parking - Fee,TRN-PRK-FEE
TXN_20241122_000957,HAIRCUT #6694 8122,200.0,USD,2025-10-11T01:04:52.964441,online,,7230,Personal Care,PER,Personal Care - Salon,PER-SAL,Personal Care - Salon - Haircut,PER-SAL-HAR
TXN_20241122_000583,FINE DINING 82735,123.06,EUR,2025-10-11T10:23:20.964441,pos,"San Antonio, TX",5812,Dining,DIN,Dining - Restaurants,DIN-RES,Dining - Restaurants - Fine Dining,DIN-RES-FIN
TXN_20241122_000860,EMI,1828.35,USD,2025-10-12T02:49:49.964441,mobile,"Chicago, IL",6513,Housing,HSG,Housing - Mortgage,HSG-MTG,Housing - Mortgage - EMI,HSG-MTG-EMI
TXN_20241122_000053,BLINKIT VA #7913,160.49,EUR,2025-10-12T13:04:33.964441,online,Web Purchase,5411,Shopping,SHP,Shopping - Groceries,SHP-GRO,Shopping - Groceries - Online,SHP-GRO-ONL
TXN_20241122_000500,FINE DINING,128.34,EUR,2025-10-12T18:47:56.964441,pos,"Ahmedabad, GJ",5812,Dining,DIN,Dining - Restaurants,DIN-RES,Dining - Restaurants - Fine Dining,DIN-RES-FIN
TXN_20241122_000742,PP* UBER EATS 635509,410.66,GBP,2025-10-12T21:01:49.964441,atm,"Chennai, TN",4121,Travel,TRV,Travel - Local,TRV-LOC,Travel - Local - Uber,TRV-LOC-UBR
TXN_20241122_000251,PAYPAL * FITNESS,57.37,GBP,2025-10-12T22:42:44.964441,mobile,"Bangalore, KA",7997,Personal Care,PER,Personal Care - Gym,PER-GYM,Personal Care - Gym - Membership,PER-GYM-MEM
TXN_20241122_000576,AIR INDIA #9881 628,209.3,GBP,2025-10-13T09:18:44.964441,online,,4511,Travel,TRV,Travel - International,TRV-INT,Travel - International - Flight,TRV-INT-FLT
TXN_20241122_000606,SBUX,90.98,EUR,2025-10-13T13:38:40.964441,pos,"Hyderabad, TG",5814,Dining,DIN,Dining - Coffee Shops,DIN-COF,Dining - Coffee Shops - Starbucks,DIN-COF-STB
TXN_20241122_000483,SPA DELHI #3540,106.24,USD,2025-10-13T14:48:16.964441,pos,"Mumbai, MH",7298,Personal Care,PER,Personal Care - Wellness,PER-WEL,Personal Care - Wellness - Spa,PER-WEL-SPA
TXN_20241122_000603,PAYPAL * ZOMATO,16.74,INR,2025-10-14T13:20:28.964441,atm,"Pune, MH",5814,Dining,DIN,Dining - Food Delivery,DIN-DEL,Dining - Food Delivery - Zomato,DIN-DEL-ZOM
TXN_20241122_000950,PP* HAIRCUT,88.61,AUD,2025-10-14T18:39:58.964441,pos,"Kolkata, WB",7230,Personal Care,PER,Personal Care - Salon,PER-SAL,Personal Care - Salon - Haircut,PER-SAL-HAR
TXN_20241122_000859,EATERY 7343,38.58,USD,2025-10-14T20:27:10.964441,pos,"Kolkata, WB",5812,Dining,DIN,Dining - Restaurants,DIN-RES,Dining - Restaurants - Casual,DIN-RES-CAS
TXN_20241122_000262,AIRWAYS 990,1208.88,EUR,2025-10-15T18:22:01.964441,mobile,"Delhi, DL",4511,Travel,TRV,Travel - International,TRV-INT,Travel - International - Flight,TRV-INT-FLT
TXN_20241122_000868,DONATION,478.76,EUR,2025-10-16T12:44:00.964441,pos,"Bangalore, KA",8398,Charitable,CHR,Charitable - Donations,CHR-DON,Charitable - Donations - NGO,CHR-DON-NGO
TXN_20241122_000235,SQ * LIVE MUSIC,198.3,GBP,2025-10-16T16:45:36.964441,atm,"San Diego, CA",7922,Entertainment,ENT,Entertainment - Events,ENT-EVT,Entertainment - Events - Concerts,ENT-EVT-CON
TXN_20241122_000358,BARISTA * JO768XHZ,43.07,USD,2025-10-16T18:41:24.964441,atm,"Ahmedabad, GJ",5814,Dining,DIN,Dining - Coffee Shops,DIN-COF,Dining - Coffee Shops - Local,DIN-COF-LOC
TXN_20241122_000568,FLIPKART ONLINE #6410 498,274.28,USD,2025-10-17T02:11:23.964441,online,,5942,Shopping,SHP,Shopping - Online,SHP-ONL,Shopping - Online - Flipkart,SHP-ONL-FLP
TXN_20241122_000305,MEDICAL INSURANCE,500.0,INR,2025-10-17T05:40:00.964441,mobile,"Pune, MH",6300,Healthcare,HLT,Healthcare - Insurance,HLT-INS,Healthcare - Insurance - Premium,HLT-INS-PRM
TXN_20241122_000071,H&M * KJM9PLDA 935395,481.66,EUR,2025-10-17T10:20:31.964441,mobile,"Delhi, DL",5651,Shopping,SHP,Shopping - Retail,SHP-RET,Shopping - Retail - Clothing,SHP-RET-CLO
TXN_20241122_000031,PAYPAL * VEHICLE MAINTENANCE 2302,100.0,EUR,2025-10-17T11:07:31.964441,pos,"Mumbai, MH",7538,Transportation,TRN,Transportation - Maintenance,TRN-MNT,Transportation - Maintenance - Service,TRN-MNT-SRV
TXN_20241122_000772,MUTUAL FUND IL,1768.52,USD,2025-10-17T18:07:52.964441,mobile,"New York, NY",6211,Financial Services,FIN,Financial Services - Investment,FIN-INV,Financial Services - Investment - Trading,FIN-INV-TRD
TXN_20241122_000488,TST* CROMA,359.17,USD,2025-10-17T19:21:57.964441,pos,"Chicago, IL",5732,Shopping,SHP,Shopping - Retail,SHP-RET,Shopping - Retail - Electronics,SHP-RET-ELC
TXN_20241122_000376,PIZZA HUT * OMBU81QL,59.94,USD,2025-10-17T21:25:16.964441,pos,"Pune, MH",5814,Dining,DIN,Dining - Fast Food,DIN-FST,Dining - Fast Food - Pizza,DIN-FST-PIZ
TXN_20241122_000037,FLIPKART ONLINE NC,500.0,USD,2025-10-18T16:56:53.964441,online,,5942,Shopping,SHP,Shopping - Online,SHP-ONL,Shopping - Online - Flipkart,SHP-ONL-FLP
TXN_20241122_000280,ZOMATO FOOD * VNJ6QVD6,115.35,EUR,2025-10-18T19:12:34.964441,atm,"Mumbai, MH",5814,Dining,DIN,Dining - Food Delivery,DIN-DEL,Dining - Food Delivery - Zomato,DIN-DEL-ZOM
TXN_20241122_000215,BISTRO LTD 765107,150.0,USD,2025-10-18T20:38:28.964441,online,Internet,5812,Dining,DIN,Dining - Restaurants,DIN-RES,Dining - Restaurants - Casual,DIN-RES-CAS
TXN_20241122_000119,TST* CONFLUENCE,347.33,GBP,2025-10-20T00:43:07.964441,online,,5734,Technology,TEC,Technology - Subscriptions,TEC-SUB,Technology - Subscriptions - Tools,TEC-SUB-TOL
TXN_20241122_000221,PARKING FEE * I86SNX10,25.07,EUR,2025-10-20T07:37:04.964441,atm,"Phoenix, AZ",7523,Transportation,TRN,Transportation - Parking,TRN-PRK,Transportation - Parking - Fee,TRN-PRK-FEE
TXN_20241122_000954,PAYPAL * PVR,200.0,USD,2025-10-20T16:16:58.964441,pos,"Los Angeles, CA",7832,Entertainment,ENT,Entertainment - Movies,ENT-MOV,Entertainment - Movies - Theater,ENT-MOV-THR
TXN_20241122_000948,DMART MUMBAI,500.0,USD,2025-10-21T17:46:34.964441,mobile,"Chennai, TN",5411,Shopping,SHP,Shopping - Groceries,SHP-GRO,Shopping - Groceries - Supermarket,SHP-GRO-SUP
TXN_20241122_000724,DOMINOS ONLINE,39.34,USD,2025-10-21T23:58:54.964441,atm,"San Antonio, TX",5814,Dining,DIN,Dining - Fast Food,DIN-FST,Dining - Fast Food - Pizza,DIN-FST-PIZ
TXN_20241122_000681,SBUX ONLINE 308,85.86,USD,2025-10-22T11:13:36.964441,mobile,"Chicago, IL",5814,Dining,DIN,Dining - Coffee Shops,DIN-COF,Dining - Coffee Shops - Starbucks,DIN-COF-STB
TXN_20241122_000212,SQ * CROMA 2275,58.09,EUR,2025-10-22T15:41:47.964441,pos,"Pune, MH",5732,Shopping,SHP,Shopping - Retail,SHP-RET,Shopping - Retail - Electronics,SHP-RET-ELC
TXN_20241122_000296,AIRBNB VA,366.38,AUD,2025-10-22T15:53:12.964441,mobile,"Chicago, IL",7011,Travel,TRV,Travel - Accommodation,TRV-ACC,Travel - Accommodation - Hotel,TRV-ACC-HTL
TXN_20241122_000510,STARBUCKS,54.36,GBP,2025-10-22T17:11:20.964441,pos,"Phoenix, AZ",5814,Dining,DIN,Dining - Coffee Shops,DIN-COF,Dining - Coffee Shops - Starbucks,DIN-COF-STB
TXN_20241122_000182,ZOMATO * 1QPX2ERR,22.24,EUR,2025-10-23T14:27:21.964441,pos,"Phoenix, AZ",5814,Dining,DIN,Dining - Food Delivery,DIN-DEL,Dining - Food Delivery - Zomato,DIN-DEL-ZOM
TXN_20241122_000630,ZARA BANGALORE #5704 61039,65.53,USD,2025-10-23T19:51:43.964441,mobile,"Pune, MH",5651,Shopping,SHP,Shopping - Retail,SHP-RET,Shopping - Retail - Clothing,SHP-RET-CLO
TXN_20241122_000409,SWIGGY DELIVERY MUMBAI #4492,17.61,USD,2025-10-24T20:35:14.964441,atm,"San Antonio, TX",5814,Dining,DIN,Dining - Food Delivery,DIN-DEL,Dining - Food Delivery - Swiggy,DIN-DEL-SWG
TXN_20241122_000202,ZARA WA,169.54,USD,2025-10-25T00:10:12.964441,online,,5651,Shopping,SHP,Shopping - Retail,SHP-RET,Shopping - Retail - Clothing,SHP-RET-CLO
TXN_20241122_000863,AMZN LTD 0635,500.0,EUR,2025-10-25T00:56:02.964441,online,,5942,Shopping,SHP,Shopping - Online,SHP-ONL,Shopping - Online - Amazon,SHP-ONL-AMZ
TXN_20241122_000219,FLIPKART NC #7749 867,22.89,USD,2025-10-25T20:01:16.964441,online,,5942,Shopping,SHP,Shopping - Online,SHP-ONL,Shopping - Online - Flipkart,SHP-ONL-FLP
TXN_20241122_000149,DIESEL #2964 9329,100.0,GBP,2025-10-25T22:16:14.964441,pos,"Chennai, TN",5541,Transportation,TRN,Transportation - Fuel,TRN-FUL,Transportation - Fuel - Diesel,TRN-FUL-DIE
TXN_20241122_000990,CAFE COFFEE DAY #4909,61.19,INR,2025-10-26T05:31:09.964441,atm,"Philadelphia, PA",5814,Dining,DIN,Dining - Coffee Shops,DIN-COF,Dining - Coffee Shops - Local,DIN-COF-LOC
TXN_20241122_000199,SALON WA #4224,67.33,USD,2025-10-27T06:39:08.964441,mobile,"Chicago, IL",7230,Personal Care,PER,Personal Care - Salon,PER-SAL,Personal Care - Salon - Haircut,PER-SAL-HAR
TXN_20241122_000822,BARISTA IL 6813,150.0,EUR,2025-10-27T16:32:24.964441,pos,"Hyderabad, TG",5814,Dining,DIN,Dining - Coffee Shops,DIN-COF,Dining - Coffee Shops - Local,DIN-COF-LOC
TXN_20241122_000224,CHARITY,500.0,USD,2025-10-27T18:52:10.964441,pos,"San Diego, CA",8398,Charitable,CHR,Charitable - Donations,CHR-DON,Charitable - Donations - NGO,CHR-DON-NGO
TXN_20241122_000050,SBUX #9346 549040,38.7,INR,2025-10-28T19:44:52.964441,mobile,"Mumbai, MH",5814,Dining,DIN,Dining - Coffee Shops,DIN-COF,Dining - Coffee Shops - Starbucks,DIN-COF-STB
TXN_20241122_000531,BP ONLINE,35.64,INR,2025-10-29T06:48:06.964441,pos,"San Antonio, TX",5541,Transportation,TRN,Transportation - Fuel,TRN-FUL,Transportation - Fuel - Petrol,TRN-FUL-PET
TXN_20241122_000682,CLOUD #739 583469,2000.0,EUR,2025-10-29T19:11:19.964441,online,Web Purchase,5734,Technology,TEC,Technology - Subscriptions,TEC-SUB,Technology - Subscriptions - Cloud,TEC-SUB-CLD
TXN_20241122_000289,AMAZON PRIME * NA4ZKOIV 468,38.35,EUR,2025-10-30T01:57:27.964441,online,Online,4899,Entertainment,ENT,Entertainment - Streaming,ENT-STR,Entertainment - Streaming - Prime,ENT-STR-PRM
TXN_20241122_000769,TST* STARBUCKS,56.95,EUR,2025-10-30T04:11:13.964441,pos,"Kolkata, WB",5814,Dining,DIN,Dining - Coffee Shops,DIN-COF,Dining - Coffee Shops - Starbucks,DIN-COF-STB
TXN_20241122_000472,OLA * DHPDSG4M 1265,953.63,EUR,2025-10-30T05:09:30.964441,pos,"Philadelphia, PA",4121,Travel,TRV,Travel - Local,TRV-LOC,Travel - Local - Auto/Rickshaw,TRV-LOC-AUT
TXN_20241122_000923,ONLINE COURSE INC 633,2023.19,USD,2025-10-30T09:15:34.964441,online,,8299,Education,EDU,Education - Courses,EDU-CRS,Education - Courses - Online,EDU-CRS-ONL
TXN_20241122_000896,TST* COFFEE,74.33,EUR,2025-10-30T09:48:21.964441,pos,"Houston, TX",5814,Dining,DIN,Dining - Coffee Shops,DIN-COF,Dining - Coffee Shops - Local,DIN-COF-LOC
TXN_20241122_000879,ELECTRIC COMPANY ONLINE,136.49,EUR,2025-10-30T15:43:10.964441,atm,"Chennai, TN",4900,Utilities,UTL,Utilities - Electric,UTL-ELC,Utilities - Electric - Bill,UTL-ELC-BIL
TXN_20241122_000091,NETFLIX * FKIEP7I4,51.54,USD,2025-10-30T15:49:27.964441,online,,4899,Entertainment,ENT,Entertainment - Streaming,ENT-STR,Entertainment - Streaming - Netflix,ENT-STR-NFX
TXN_20241122_000544,FLIPKART ONLINE 1252,118.67,USD,2025-10-31T19:01:26.964441,online,,5942,Shopping,SHP,Shopping - Online,SHP-ONL,Shopping - Online - Flipkart,SHP-ONL-FLP
TXN_20241122_000578,FLIPKART ONLINE DELHI 59569,366.88,AUD,2025-10-31T19:06:34.964441,online,,5942,Shopping,SHP,Shopping - Online,SHP-ONL,Shopping - Online - Flipkart,SHP-ONL-FLP
TXN_20241122_000851,CROMA IL #9156,72.07,USD,2025-11-01T18:15:28.964441,pos,"Chennai, TN",5732,Shopping,SHP,Shopping - Retail,SHP-RET,Shopping - Retail - Electronics,SHP-RET-ELC
TXN_20241122_000316,CLOUD FL #1280 972,68.3,EUR,2025-11-01T18:29:58.964441,online,,5734,Technology,TEC,Technology - Subscriptions,TEC-SUB,Technology - Subscriptions - Cloud,TEC-SUB-CLD
TXN_20241122_000579,CONCERT STORE,42.2,GBP,2025-11-01T21:22:24.964441,atm,"New York, NY",7922,Entertainment,ENT,Entertainment - Events,ENT-EVT,Entertainment - Events - Concerts,ENT-EVT-CON
TXN_20241122_000789,ZARA LLC,71.64,EUR,2025-11-02T12:19:00.964441,pos,"Pune, MH",5651,Shopping,SHP,Shopping - Retail,SHP-RET,Shopping - Retail - Clothing,SHP-RET-CLO
TXN_20241122_000450,BOOKING INC 617264,296.64,USD,2025-11-03T04:51:59.964441,mobile,"Bangalore, KA",7011,Travel,TRV,Travel - Accommodation,TRV-ACC,Travel - Accommodation - Hotel,TRV-ACC-HTL
TXN_20241122_000846,RENT,560.09,USD,2025-11-03T13:42:33.964441,online,Online,6513,Housing,HSG,Housing - Rent,HSG-RNT,Housing - Rent - Monthly,HSG-RNT-MNT
TXN_20241122_000156,VISA INC 218,484.81,USD,2025-11-03T18:46:49.964441,pos,"New York, NY",9399,Travel,TRV,Travel - International,TRV-INT,Travel - International - Visa,TRV-INT-VIS
TXN_20241122_000325,UNIVERSITY #2786,4681.32,USD,2025-11-04T15:12:58.964441,online,,8220,Education,EDU,Education - Tuition,EDU-TUI,Education - Tuition - College,EDU-TUI-COL
TXN_20241122_000831,AMC,51.57,GBP,2025-11-04T20:23:47.964441,online,,7832,Entertainment,ENT,Entertainment - Movies,ENT-MOV,Entertainment - Movies - Theater,ENT-MOV-THR
TXN_20241122_000395,MCDONALDS NC #7968,23.87,USD,2025-11-05T11:11:53.964441,pos,"Houston, TX",5814,Dining,DIN,Dining - Fast Food,DIN-FST,Dining - Fast Food - Burgers,DIN-FST-BRG
TXN_20241122_000781,WATER BILL #7653,26.58,USD,2025-11-05T16:40:10.964441,atm,"Ahmedabad, GJ",4900,Utilities,UTL,Utilities - Water,UTL-WAT,Utilities - Water - Bill,UTL-WAT-BIL
TXN_20241122_000420,AIRBNB #6067,2000.0,USD,2025-11-06T09:25:48.964441,atm,"Chicago, IL",7011,Travel,TRV,Travel - Accommodation,TRV-ACC,Travel - Accommodation - Hotel,TRV-ACC-HTL
TXN_20241122_000341,LIFE INSURANCE NC 83663,1440.49,USD,2025-11-06T11:31:06.964441,mobile,"Houston, TX",6300,Financial Services,FIN,Financial Services - Insurance,FIN-INS,Financial Services - Insurance - Premium,FIN-INS-PRM
TXN_20241122_000780,MOBILE INC,980.38,USD,2025-11-07T08:19:49.964441,online,,5732,Technology,TEC,Technology - Electronics,TEC-ELE,Technology - Electronics - Mobile,TEC-ELE-MOB
TXN_20241122_000315,POSTPAID * 3SAZCXQX,93.59,INR,2025-11-07T13:12:46.964441,online,Internet,4814,Utilities,UTL,Utilities - Internet,UTL-INT,Utilities - Internet - Mobile,UTL-INT-MOB
TXN_20241122_000987,MCDONALDS MUMBAI 928,28.85,USD,2025-11-07T14:38:23.964441,pos,"Delhi, DL",5814,Dining,DIN,Dining - Fast Food,DIN-FST,Dining - Fast Food - Burgers,DIN-FST-BRG
TXN_20241122_000397,PP* BOOKSTORE,1279.69,EUR,2025-11-08T10:47:34.964441,atm,"Chicago, IL",5942,Education,EDU,Education - Books,EDU-BOK,Education - Books - Purchase,EDU-BOK-PUR
TXN_20241122_000038,INDIAN OIL * QU5XKSDR,23.46,USD,2025-11-08T13:27:54.964441,pos,"Philadelphia, PA",5541,Transportation,TRN,Transportation - Fuel,TRN-FUL,Transportation - Fuel - Petrol,TRN-FUL-PET
TXN_20241122_000175,FINE DINING HYDERABAD #7007 0247,17.63,AUD,2025-11-08T22:56:31.964441,pos,"San Diego, CA",5812,Dining,DIN,Dining - Restaurants,DIN-RES,Dining - Restaurants - Fine Dining,DIN-RES-FIN
TXN_20241122_000116,TARGET LTD,150.29,USD,2025-11-09T02:22:32.964441,mobile,"Houston, TX",5411,Shopping,SHP,Shopping - Groceries,SHP-GRO,Shopping - Groceries - Supermarket,SHP-GRO-SUP
TXN_20241122_000257,ELECTRICITY WA,142.67,INR,2025-11-09T02:22:43.964441,atm,"Ahmedabad, GJ",4900,Utilities,UTL,Utilities - Electric,UTL-ELC,Utilities - Electric - Bill,UTL-ELC-BIL
TXN_20241122_000505,MORTGAGE * 4XIWT5SJ 228,571.35,USD,2025-11-09T12:31:15.964441,mobile,"Bangalore, KA",6513,Housing,HSG,Housing - Mortgage,HSG-MTG,Housing - Mortgage - EMI,HSG-MTG-EMI
TXN_20241122_000260,DOMINOS,60.68,USD,2025-11-09T21:08:11.964441,pos,"San Antonio, TX",5814,Dining,DIN,Dining - Fast Food,DIN-FST,Dining - Fast Food - Pizza,DIN-FST-PIZ
TXN_20241122_000776,ZARA,219.21,USD,2025-11-11T09:38:10.964441,atm,"Ahmedabad, GJ",5651,Shopping,SHP,Shopping - Retail,SHP-RET,Shopping - Retail - Clothing,SHP-RET-CLO
TXN_20241122_000848,FUEL HYDERABAD #527 951011,9.99,EUR,2025-11-11T14:21:34.964441,pos,"Delhi, DL",5541,Transportation,TRN,Transportation - Fuel,TRN-FUL,Transportation - Fuel - Diesel,TRN-FUL-DIE
TXN_20241122_000335,RELIANCE DIGITAL * TV2864X4 75038,261.13,INR,2025-11-11T16:53:34.964441,pos,"Phoenix, AZ",5732,Shopping,SHP,Shopping - Retail,SHP-RET,Shopping - Retail - Electronics,SHP-RET-ELC
TXN_20241122_000807,NGO,256.76,INR,2025-11-11T19:45:11.964441,atm,"Delhi, DL",8398,Charitable,CHR,Charitable - Donations,CHR-DON,Charitable - Donations - NGO,CHR-DON-NGO
TXN_20241122_000293,SQ * DIESEL 080,86.91,USD,2025-11-12T03:08:15.964441,pos,"San Diego, CA",5541,Transportation,TRN,Transportation - Fuel,TRN-FUL,Transportation - Fuel - Diesel,TRN-FUL-DIE
TXN_20241122_000566,WIFI CA #3326 618376,66.02,USD,2025-11-12T09:32:30.964441,mobile,"Mumbai, MH",4899,Utilities,UTL,Utilities - Internet,UTL-INT,Utilities - Internet - Broadband,UTL-INT-BRD
TXN_20241122_000587,HOME LOAN,819.02,USD,2025-11-12T15:49:12.964441,atm,"Philadelphia, PA",6513,Housing,HSG,Housing - Mortgage,HSG-MTG,Housing - Mortgage - EMI,HSG-MTG-EMI
TXN_20241122_000102,PP* EATERY 161261,20.2,USD,2025-11-13T16:10:31.964441,pos,"New York, NY",5812,Dining,DIN,Dining - Restaurants,DIN-RES,Dining - Restaurants - Casual,DIN-RES-CAS
TXN_20241122_000816,STRIPE * WELLNESS,51.02,USD,2025-11-13T19:59:46.964441,mobile,"Kolkata, WB",7298,Personal Care,PER,Personal Care - Wellness,PER-WEL,Personal Care - Wellness - Spa,PER-WEL-SPA
TXN_20241122_000163,YOUTUBE PREMIUM,38.03,USD,2025-11-13T20:48:11.964441,online,Web Purchase,4899,Entertainment,ENT,Entertainment - Streaming,ENT-STR,Entertainment - Streaming - Other,ENT-STR-OTH
TXN_20241122_000730,SBUX IL #6850,122.1,EUR,2025-11-14T00:05:46.964441,mobile,"Kolkata, WB",5814,Dining,DIN,Dining - Coffee Shops,DIN-COF,Dining - Coffee Shops - Starbucks,DIN-COF-STB
TXN_20241122_000786,UBER * WD61VVDM,216.87,USD,2025-11-14T08:23:11.964441,atm,"New York, NY",4121,Travel,TRV,Travel - Local,TRV-LOC,Travel - Local - Uber,TRV-LOC-UBR
TXN_20241122_000992,TST* FITNESS,122.17,USD,2025-11-15T00:43:50.964441,atm,"Chicago, IL",7997,Personal Care,PER,Personal Care - Gym,PER-GYM,Personal Care - Gym - Membership,PER-GYM-MEM
TXN_20241122_000605,VISA FEE NY,178.81,AUD,2025-11-15T04:04:57.964441,pos,"Pune, MH",9399,Travel,TRV,Travel - International,TRV-INT,Travel - International - Visa,TRV-INT-VIS
TXN_20241122_000356,VFS STORE,499.05,INR,2025-11-15T06:25:41.964441,mobile,"Chennai, TN",9399,Travel,TRV,Travel - International,TRV-INT,Travel - International - Visa,TRV-INT-VIS
TXN_20241122_000183,OFFICE SUPPLIES * IUC7EDRO 30418,378.51,USD,2025-11-15T15:56:34.964441,mobile,"San Antonio, TX",5943,Business Expenses,BUS,Business Expenses - Office,BUS-OFC,Business Expenses - Office - Supplies,BUS-OFC-SUP
TXN_20241122_000210,HOME LOAN NC,1167.58,GBP,2025-11-15T17:21:38.964441,online,,6513,Housing,HSG,Housing - Mortgage,HSG-MTG,Housing - Mortgage - EMI,HSG-MTG-EMI
TXN_20241122_000832,ZOMATO FOOD HYDERABAD,33.9,USD,2025-11-15T22:31:20.964441,atm,"Philadelphia, PA",5814,Dining,DIN,Dining - Food Delivery,DIN-DEL,Dining - Food Delivery - Zomato,DIN-DEL-ZOM
TXN_20241122_000303,VISA FEE,557.84,USD,2025-11-16T13:15:57.964441,atm,"San Antonio, TX",9399,Travel,TRV,Travel - International,TRV-INT,Travel - International - Visa,TRV-INT-VIS
TXN_20241122_000537,PP* REPAIR 4136,45.19,INR,2025-11-16T14:11:57.964441,online,Online,7538,Transportation,TRN,Transportation - Maintenance,TRN-MNT,Transportation - Maintenance - Service,TRN-MNT-SRV
TXN_20241122_000333,SQ * CINEPOLIS,46.65,USD,2025-11-16T22:42:33.964441,online,Internet,7832,Entertainment,ENT,Entertainment - Movies,ENT-MOV,Entertainment - Movies - Theater,ENT-MOV-THR
TXN_20241122_000431,NETFLIX 047056,18.76,USD,2025-11-17T09:07:17.964441,online,,4899,Entertainment,ENT,Entertainment - Streaming,ENT-STR,Entertainment - Streaming - Netflix,ENT-STR-NFX
TXN_20241122_000025,SWIGGY DELIVERY 26336,20.0,EUR,2025-11-17T13:56:57.964441,online,,5814,Dining,DIN,Dining - Food Delivery,DIN-DEL,Dining - Food Delivery - Swiggy,DIN-DEL-SWG
TXN_20241122_000573,OFFICE SUPPLIES VA #4450,472.39,EUR,2025-11-17T18:08:28.964441,pos,"San Diego, CA",5943,Business Expenses,BUS,Business Expenses - Office,BUS-OFC,Business Expenses - Office - Supplies,BUS-OFC-SUP
TXN_20241122_000713,SHELL #6795,15.66,AUD,2025-11-17T20:34:52.964441,atm,"Bangalore, KA",5541,Transportation,TRN,Transportation - Fuel,TRN-FUL,Transportation - Fuel - Petrol,TRN-FUL-PET
TXN_20241122_000138,AIRLINE * G9HNJIVP,2000.0,USD,2025-11-18T11:54:38.964441,mobile,"Pune, MH",4511,Travel,TRV,Travel - International,TRV-INT,Travel - International - Flight,TRV-INT-FLT
TXN_20241122_000150,SQ * SWIGGY FOOD 891396,89.77,EUR,2025-11-19T09:34:45.964441,online,,5814,Dining,DIN,Dining - Food Delivery,DIN-DEL,Dining - Food Delivery - Swiggy,DIN-DEL-SWG
TXN_20241122_000074,AMZN WA,142.99,USD,2025-11-20T15:18:52.964441,online,Web Purchase,5942,Shopping,SHP,Shopping - Online,SHP-ONL,Shopping - Online - Amazon,SHP-ONL-AMZ
TXN_20241122_000532,PP* FLIPKART,305.75,USD,2025-11-20T19:50:49.964441,online,,5942,Shopping,SHP,Shopping - Online,SHP-ONL,Shopping - Online - Flipkart,SHP-ONL-FLP
TXN_20241122_000307,JIRA #9617 60488,812.56,GBP,2025-11-20T22:41:44.964441,online,,5734,Technology,TEC,Technology - Subscriptions,TEC-SUB,Technology - Subscriptions - Tools,TEC-SUB-TOL
TXN_20241122_000056,WALMART,39.2,GBP,2025-11-21T12:53:13.964441,online,,5411,Shopping,SHP,Shopping - Groceries,SHP-GRO,Shopping - Groceries - Supermarket,SHP-GRO-SUP
TXN_20241122_000546,TUITION * 7A8LC88B,1814.02,USD,2025-11-21T19:28:04.964441,pos,"Delhi, DL",8211,Education,EDU,Education - Tuition,EDU-TUI,Education - Tuition - School,EDU-TUI-SCH
TXN_20241122_000122,STRIPE * AMAZON PRIME,43.96,INR,2025-11-22T03:02:42.964441,online,,4899,Entertainment,ENT,Entertainment - Streaming,ENT-STR,Entertainment - Streaming - Prime,ENT-STR-PRM
